timestamp,close,close_right,close_right,close_right,close_right,close_right,close_right,close_right,close_right,close_right
2023-07-24,29163.0,1849.95,239.05,0.7009,0.305,0.07414,0.7276,23.346,5.206,89.06
2023-07-25,29216.2,1857.95,237.9,0.7074,0.3037,0.0818,0.7075,23.268,5.169,89.44
2023-07-26,29336.9,1871.77,238.95,0.7159,0.3095,0.0779,0.7223,25.174,5.233,90.42
2023-07-27,29211.3,1861.46,240.75,0.7133,0.3077,0.07757,0.7165,25.091,5.233,90.52
2023-07-28,29299.2,1874.0,242.0,0.7117,0.3103,0.07716,0.7089,24.812,5.213,91.36
2023-07-29,29340.4,1880.24,242.65,0.7118,0.3129,0.08006,0.7187,25.175,5.245,94.19
2023-07-30,29271.2,1862.03,242.65,0.7033,0.3155,0.07799,0.6972,24.25,5.181,92.59
2023-07-31,29223.4,1857.02,241.05,0.6974,0.3085,0.07777,0.6871,23.707,5.102,92.18
2023-08-01,29700.8,1873.89,247.85,0.7066,0.3102,0.07807,0.7015,24.031,5.197,93.89
2023-08-02,29171.5,1839.7,240.6,0.6847,0.3013,0.0742,0.6822,23.147,5.055,87.48
2023-08-03,29180.2,1836.1,241.2,0.6633,0.2922,0.07356,0.6682,22.809,4.974,82.46
2023-08-04,29120.2,1830.73,241.7,0.6353,0.2934,0.07346,0.664,22.808,4.99,82.12
2023-08-05,29075.7,1836.5,243.25,0.6284,0.2939,0.07565,0.6669,22.644,4.969,83.08
2023-08-06,29089.3,1830.42,243.25,0.6227,0.2923,0.07427,0.6693,23.196,5.002,82.56
2023-08-07,29215.7,1828.98,242.0,0.619,0.2909,0.07349,0.666,23.099,4.965,82.43
2023-08-08,29775.6,1856.34,245.35,0.6415,0.2974,0.07494,0.6856,24.21,5.057,83.84
2023-08-09,29584.5,1855.57,243.9,0.643,0.3014,0.07535,0.69,24.398,5.057,84.01
2023-08-10,29459.6,1852.49,241.2,0.6329,0.2963,0.07585,0.6852,24.606,5.0,83.05
2023-08-11,29435.2,1849.11,239.8,0.6313,0.2939,0.07569,0.6812,24.609,5.002,83.55
2023-08-12,29432.0,1850.19,240.15,0.6269,0.292,0.07669,0.6819,24.903,5.035,83.41
2023-08-13,29306.4,1841.4,239.9,0.6258,0.2906,0.07478,0.6774,24.23,4.985,81.94
2023-08-14,29431.4,1845.78,240.45,0.6338,0.2907,0.07465,0.6793,25.164,4.984,82.04
2023-08-15,29205.9,1829.2,236.7,0.6098,0.2819,0.07087,0.6388,23.924,4.812,79.23
2023-08-16,28738.1,1808.06,232.05,0.5844,0.2746,0.06718,0.6236,22.815,4.667,74.52
2023-08-17,26615.9,1680.99,217.9,0.5061,0.2553,0.06105,0.5731,21.746,4.428,64.72
2023-08-18,26057.8,1661.35,215.85,0.5056,0.2637,0.06319,0.5773,21.38,4.507,63.91
2023-08-19,26100.0,1669.99,216.75,0.5195,0.2687,0.06371,0.5764,21.875,4.51,64.06
2023-08-20,26190.2,1684.66,216.4,0.5379,0.2703,0.06379,0.5797,21.757,4.513,65.19
2023-08-21,26126.8,1667.59,210.05,0.524,0.2626,0.06248,0.5568,21.191,4.422,66.9
2023-08-22,26054.8,1634.86,210.85,0.5203,0.2585,0.06252,0.5485,20.559,4.417,64.78
2023-08-23,26439.0,1679.8,216.5,0.5295,0.268,0.06374,0.5569,21.7,4.482,65.59
2023-08-24,26180.1,1660.75,218.85,0.5184,0.2656,0.06306,0.5468,21.039,4.418,64.84
2023-08-25,26061.3,1653.76,218.45,0.5254,0.2609,0.0631,0.546,20.401,4.485,65.09
2023-08-26,26004.8,1647.21,216.35,0.5224,0.2609,0.06284,0.5483,20.271,4.502,64.96
2023-08-27,26086.7,1658.32,218.35,0.5235,0.2632,0.06312,0.5558,20.784,4.487,65.33
2023-08-28,26108.0,1653.36,218.8,0.5224,0.2676,0.06345,0.562,20.552,4.606,65.5
2023-08-29,27705.8,1729.51,226.8,0.5393,0.2725,0.06635,0.5935,21.783,4.67,68.85
2023-08-30,27288.0,1705.05,223.8,0.5279,0.2653,0.06581,0.5746,20.803,4.529,67.6
2023-08-31,25930.4,1646.01,216.65,0.5104,0.2554,0.06372,0.5491,19.856,4.265,63.81
2023-09-01,25795.5,1629.06,213.7,0.4909,0.2557,0.06385,0.5403,19.374,4.211,62.94
2023-09-02,25857.3,1637.14,214.25,0.4982,0.2561,0.06342,0.5405,19.48,4.255,63.98
2023-09-03,25961.8,1635.85,214.4,0.5042,0.2557,0.06312,0.5419,19.604,4.255,63.87
2023-09-04,25815.4,1630.66,215.15,0.508,0.2563,0.06321,0.5537,19.513,4.255,63.64
2023-09-05,25777.7,1634.74,214.45,0.5046,0.2579,0.06399,0.558,20.272,4.252,63.08
2023-09-06,25745.1,1633.06,215.25,0.5031,0.2576,0.0636,0.5585,19.624,4.259,62.73
2023-09-07,26176.1,1647.8,217.05,0.5047,0.2579,0.0636,0.5551,19.899,4.281,63.57
2023-09-08,25899.9,1636.33,214.6,0.5043,0.2543,0.06364,0.5435,19.59,4.249,62.53
2023-09-09,25891.6,1635.29,214.25,0.5033,0.2533,0.06337,0.5394,19.431,4.234,63.0
2023-09-10,25830.0,1617.29,212.35,0.4967,0.2491,0.06127,0.5238,18.267,4.145,61.11
2023-09-11,25155.5,1552.19,205.95,0.4738,0.2421,0.06045,0.5035,17.733,3.985,58.75
2023-09-12,25828.3,1593.16,210.7,0.4799,0.2456,0.06086,0.5062,17.906,3.982,59.89
2023-09-13,26210.0,1607.49,212.65,0.4827,0.2497,0.06123,0.5133,18.382,3.995,61.92
2023-09-14,26509.3,1626.42,211.95,0.4889,0.2521,0.06203,0.5238,18.827,4.056,62.75
2023-09-15,26590.3,1641.26,214.05,0.5002,0.2512,0.06247,0.5297,19.182,4.121,65.13
2023-09-16,26547.0,1634.32,214.7,0.4984,0.2502,0.06206,0.5283,19.116,4.179,65.24
2023-09-17,26515.6,1622.73,216.25,0.4913,0.2471,0.06147,0.5178,18.811,4.068,63.42
2023-09-18,26752.9,1637.28,215.95,0.5018,0.2514,0.06197,0.527,19.632,4.1,65.84
2023-09-19,27193.9,1643.44,217.15,0.5121,0.2553,0.06266,0.5444,20.008,4.147,67.21
2023-09-20,27108.5,1622.91,214.35,0.5206,0.2517,0.06259,0.5422,20.288,4.134,64.51
2023-09-21,26554.8,1583.83,210.9,0.5061,0.246,0.06125,0.5208,19.518,4.007,64.66
2023-09-22,26565.4,1593.2,211.15,0.5115,0.2452,0.06147,0.5209,19.467,4.012,64.28
2023-09-23,26563.6,1593.74,210.45,0.507,0.2462,0.06145,0.5204,19.463,4.027,65.02
2023-09-24,26238.8,1580.55,208.35,0.5019,0.2453,0.06062,0.5196,19.349,3.987,63.52
2023-09-25,26292.1,1588.35,210.15,0.5051,0.2459,0.06091,0.5192,19.392,4.062,64.3
2023-09-26,26208.8,1594.01,212.65,0.4997,0.2453,0.0606,0.5129,19.036,4.002,63.75
2023-09-27,26358.4,1598.53,212.25,0.499,0.2466,0.06047,0.5033,19.123,3.987,63.46
2023-09-28,27010.4,1652.88,215.05,0.5092,0.2497,0.06146,0.5195,19.943,4.068,65.16
2023-09-29,26893.4,1667.57,215.3,0.5212,0.2525,0.06213,0.5256,20.27,4.071,65.52
2023-09-30,26951.0,1671.19,214.75,0.5145,0.2545,0.06204,0.5326,21.356,4.1,65.93
2023-10-01,27978.8,1733.51,218.2,0.524,0.2661,0.06317,0.5683,23.883,4.213,68.12
2023-10-02,27487.0,1662.3,214.75,0.5121,0.2628,0.06199,0.5468,23.36,4.115,65.93
2023-10-03,27417.5,1657.19,213.55,0.5379,0.2611,0.06131,0.5662,23.57,4.07,65.42
2023-10-04,27761.3,1646.85,213.35,0.5322,0.2601,0.06139,0.5635,23.115,4.039,64.35
2023-10-05,27393.3,1611.5,210.85,0.5224,0.2623,0.06082,0.5446,22.661,4.017,64.76
2023-10-06,27919.2,1645.1,213.4,0.5249,0.2653,0.06133,0.5636,23.401,4.065,65.42
2023-10-07,27943.2,1634.2,212.25,0.5211,0.2585,0.06137,0.5633,23.276,4.046,65.39
2023-10-08,27905.3,1632.99,211.5,0.517,0.2569,0.06089,0.5606,23.209,4.007,65.28
2023-10-09,24740.0,1579.98,205.75,0.5021,0.2536,0.05871,0.5287,22.079,3.847,63.0
2023-10-10,27379.9,1567.87,208.5,0.4964,0.2511,0.05909,0.517,22.095,3.805,63.54
2023-10-11,26866.9,1566.93,206.6,0.4878,0.2481,0.05845,0.5142,22.001,3.701,61.48
2023-10-12,26746.2,1539.79,205.3,0.4825,0.2464,0.05784,0.5076,21.29,3.663,61.08
2023-10-13,26849.6,1552.47,206.05,0.4851,0.2481,0.05834,0.5176,21.846,3.717,61.52
2023-10-14,26839.9,1554.88,206.6,0.486,0.247,0.05982,0.5172,21.984,3.729,61.56
2023-10-15,27063.6,1557.83,209.8,0.4871,0.2472,0.05927,0.515,21.906,3.749,61.54
2023-10-16,28483.7,1599.26,214.85,0.4972,0.2532,0.05999,0.5335,24.021,3.774,63.18
2023-10-17,28384.1,1564.7,211.7,0.4909,0.2463,0.05902,0.5188,23.931,3.669,62.01
2023-10-18,28305.1,1563.66,210.45,0.4871,0.2428,0.05856,0.5102,23.399,3.65,60.16
2023-10-19,28694.8,1566.93,211.3,0.519,0.2469,0.05881,0.5171,24.912,3.646,61.73
2023-10-20,29656.6,1603.53,212.3,0.5146,0.2512,0.05988,0.5354,27.0,3.714,63.32
2023-10-21,29895.4,1628.87,214.3,0.5203,0.2604,0.06116,0.5727,29.326,3.903,64.68
2023-10-22,29979.1,1663.51,217.85,0.5222,0.2636,0.06166,0.609,29.012,3.951,65.14
2023-10-23,33071.1,1766.94,228.65,0.547,0.2808,0.06711,0.6365,31.934,4.278,68.69
2023-10-24,33921.1,1785.32,225.1,0.5586,0.2796,0.06657,0.6248,30.143,4.184,68.98
2023-10-25,34489.2,1787.25,222.1,0.5547,0.2808,0.06834,0.6306,32.436,4.279,68.69
2023-10-26,34155.1,1803.71,223.3,0.5534,0.2872,0.0719,0.6325,32.767,4.233,68.76
2023-10-27,33894.0,1779.57,224.4,0.5433,0.2894,0.06782,0.609,31.727,4.135,66.82
2023-10-28,34092.1,1776.6,225.9,0.5446,0.2912,0.06903,0.6207,31.632,4.178,67.75
2023-10-29,34533.5,1795.45,227.2,0.5561,0.2971,0.06938,0.6389,32.816,4.277,68.79
2023-10-30,34484.7,1809.01,228.25,0.5786,0.3031,0.06965,0.6501,34.953,4.462,69.27
2023-10-31,34657.5,1815.08,226.45,0.5998,0.2932,0.06826,0.6361,38.366,4.432,68.96
2023-11-01,35436.3,1847.07,228.1,0.6092,0.3076,0.06898,0.6698,41.166,4.731,69.35
2023-11-02,34913.4,1800.6,231.9,0.6059,0.3233,0.06794,0.6606,40.24,4.629,69.43
2023-11-03,34702.9,1832.08,230.45,0.6121,0.3292,0.06814,0.6722,39.49,4.611,69.44
2023-11-04,35055.6,1856.29,237.2,0.6156,0.3292,0.0691,0.6775,42.429,4.687,69.98
2023-11-05,35033.9,1892.09,244.05,0.6559,0.3448,0.07113,0.6924,41.174,4.742,71.66
2023-11-06,35057.3,1900.59,255.1,0.7154,0.367,0.07646,0.7367,42.17,4.968,74.47
2023-11-07,35415.5,1886.28,246.45,0.6855,0.3534,0.07346,0.7419,43.113,4.93,73.48
2023-11-08,35656.4,1888.36,246.75,0.6877,0.3601,0.07537,0.7878,43.146,5.033,73.09
2023-11-09,36709.0,2120.46,251.75,0.6671,0.3688,0.07351,0.8402,45.347,5.09,72.79
2023-11-10,37318.6,2077.88,251.15,0.6603,0.3874,0.07549,0.8437,56.689,5.296,73.27
2023-11-11,37143.7,2053.73,251.6,0.6617,0.3865,0.07855,0.8041,56.42,5.524,75.32
2023-11-12,37085.6,2044.98,247.55,0.6617,0.384,0.07799,0.8984,56.409,5.708,74.95
2023-11-13,36484.0,2054.21,241.35,0.6677,0.3624,0.0746,0.8973,52.26,5.351,71.35
2023-11-14,35562.2,1978.62,242.3,0.6294,0.3599,0.07245,0.9175,56.817,5.198,70.23
2023-11-15,37885.4,2059.42,253.95,0.6483,0.3796,0.07628,0.9206,65.189,5.562,74.06
2023-11-16,36176.0,1961.93,242.7,0.6117,0.371,0.07934,0.8454,57.89,5.355,70.98
2023-11-17,36621.0,1960.36,244.9,0.6135,0.3673,0.08625,0.8309,58.494,5.238,70.24
2023-11-18,36579.8,1962.44,244.85,0.6105,0.3775,0.08032,0.8323,58.567,5.287,69.84
2023-11-19,37370.3,2011.68,246.45,0.6255,0.3849,0.08054,0.853,61.137,5.437,70.53
2023-11-20,37467.0,2021.62,253.3,0.6125,0.3855,0.07773,0.811,56.547,5.3,69.49
2023-11-21,35745.8,1933.48,225.9,0.5788,0.3618,0.07204,0.73,52.051,4.861,66.18
2023-11-22,37410.5,2063.19,236.3,0.611,0.3805,0.07573,0.7727,57.624,5.171,68.68
2023-11-23,37293.3,2061.44,233.8,0.6203,0.3874,0.0762,0.772,56.523,5.134,69.48
2023-11-24,37703.9,2079.2,232.8,0.6213,0.3864,0.07818,0.76,56.873,5.238,70.67
2023-11-24,37703.9,2079.2,232.8,0.6213,0.3864,0.07818,0.76,56.873,5.238,70.67
2023-11-25,37766.4,2082.94,234.4,0.6227,0.3959,0.07895,0.7795,58.835,5.328,71.81
2023-11-26,37431.4,2061.93,231.8,0.6156,0.3883,0.07864,0.7619,57.6,5.32,70.0
2023-11-27,37227.4,2027.26,227.45,0.6035,0.3782,0.07882,0.7428,55.018,5.126,69.12
2023-11-28,37810.1,2048.9,229.6,0.6105,0.386,0.08088,0.7484,58.185,5.272,69.72
2023-11-29,37839.0,2029.19,227.4,0.6089,0.3836,0.08049,0.7582,59.314,5.163,69.83
2023-11-30,37712.4,2051.62,227.7,0.6061,0.377,0.08348,0.7624,59.23,5.47,69.42
2023-12-01,38660.8,2087.59,228.55,0.6128,0.3845,0.08388,0.7997,59.898,5.471,71.55
2023-12-02,39441.0,2165.67,229.2,0.6211,0.3985,0.08626,0.8156,63.772,5.565,72.23
2023-12-03,39974.2,2193.15,228.2,0.6234,0.3955,0.08572,0.8146,62.996,5.542,72.17
2023-12-04,41993.0,2243.3,233.6,0.6248,0.4074,0.09194,0.8106,61.624,5.637,72.8
2023-12-05,44080.5,2293.5,231.25,0.6213,0.4262,0.0943,0.8137,60.979,5.848,73.15
2023-12-06,43779.9,2233.52,229.65,0.6411,0.4478,0.09503,0.8223,62.39,6.048,72.48
2023-12-07,43300.8,2357.83,232.95,0.6437,0.4592,0.09593,0.8431,67.83,6.248,74.06
2023-12-08,44209.7,2358.61,239.05,0.6735,0.548,0.10173,0.9066,74.96,6.843,78.47
2023-12-09,43742.1,2340.98,237.6,0.6592,0.5796,0.09853,0.8845,73.16,7.111,76.35
2023-12-10,43810.5,2352.17,239.85,0.6619,0.5954,0.10193,0.9237,74.82,7.346,77.15
2023-12-11,41275.6,2225.25,246.65,0.6187,0.5541,0.09413,0.8429,70.34,6.712,72.74
2023-12-12,41515.1,2203.29,253.6,0.6195,0.5774,0.0938,0.8866,68.63,7.075,72.38
2023-12-13,42877.1,2260.17,251.85,0.6274,0.6682,0.09642,0.8886,70.73,7.6,73.19
2023-12-14,43031.4,2316.36,252.5,0.6323,0.6468,0.09844,0.885,75.75,7.51,72.98
2023-12-15,41968.8,2220.77,244.0,0.6153,0.6045,0.093,0.8383,72.58,6.952,70.95
2023-12-16,42287.5,2229.59,244.0,0.6203,0.6086,0.09714,0.8521,73.78,7.097,72.2
2023-12-17,41392.0,2197.0,238.5,0.6104,0.5835,0.09294,0.8177,71.02,6.787,71.23
2023-12-18,42671.5,2218.66,241.5,0.6123,0.6032,0.09208,0.8009,74.4,6.879,70.87
2023-12-19,42294.2,2178.12,251.0,0.6049,0.5781,0.09035,0.7658,73.07,6.717,70.73
2023-12-20,43708.0,2203.28,258.5,0.6167,0.5906,0.09157,0.776,82.13,6.943,69.86
2023-12-20,43708.0,2203.28,258.5,0.6167,0.5906,0.09157,0.776,82.13,6.943,69.86
2023-12-20,43708.0,2203.28,258.5,0.6167,0.5906,0.09157,0.776,82.13,6.943,69.86
2023-12-20,43708.0,2203.28,258.5,0.6167,0.5906,0.09157,0.776,82.13,6.943,69.86
2023-12-20,43708.0,2203.28,258.5,0.6167,0.5906,0.09157,0.776,82.13,6.943,69.86
2023-12-20,43708.0,2203.28,258.5,0.6167,0.5906,0.09157,0.776,82.13,6.943,69.86
2023-12-20,43708.0,2203.28,258.5,0.6167,0.5906,0.09157,0.776,82.13,6.943,69.86
2023-12-20,43708.0,2203.28,258.5,0.6167,0.5906,0.09157,0.776,82.13,6.943,69.86
2023-12-21,43896.4,2240.03,270.5,0.6244,0.6361,0.09487,0.817,93.93,8.317,70.94
2023-12-22,44005.0,2324.85,270.5,0.6249,0.6234,0.0947,0.8773,98.03,7.943,73.66
2023-12-23,43725.7,2309.07,269.5,0.6199,0.6148,0.0936,0.859,107.67,8.344,72.55
2023-12-24,43008.1,2263.95,262.0,0.6125,0.5978,0.09307,0.8476,112.53,8.651,71.11
2023-12-25,43612.0,2271.59,264.0,0.6464,0.6349,0.09454,0.9122,119.47,9.191,72.25
2023-12-26,42541.0,2231.08,297.5,0.6221,0.6091,0.09141,1.0196,112.64,8.82,72.55
2023-12-27,43457.1,2378.6,324.0,0.6348,0.6343,0.09361,1.0377,106.97,8.699,75.18
2023-12-28,42601.4,2344.69,323.0,0.6316,0.6166,0.09187,1.0043,101.93,8.433,76.6
2023-12-29,42096.6,2299.07,313.5,0.6194,0.6084,0.09105,0.9742,106.26,8.297,73.2
2023-12-30,42176.0,2292.16,317.0,0.6211,0.6011,0.09008,0.9516,101.93,8.351,73.18
2023-12-31,42308.5,2282.74,311.0,0.6144,0.5945,0.08957,0.9717,101.57,8.184,72.76
2024-01-01,44232.4,2353.11,314.0,0.63,0.6236,0.09205,1.0165,109.55,8.603,74.55
2024-01-02,44977.6,2355.17,311.0,0.6248,0.6051,0.09111,0.972,106.67,8.416,72.91
2024-01-03,42850.9,2210.22,315.5,0.5821,0.5567,0.08196,0.8541,98.51,7.624,65.02
2024-01-04,44136.6,2267.54,323.5,0.5868,0.5697,0.08406,0.882,104.94,7.865,66.39
2024-01-05,44144.0,2267.81,316.0,0.5749,0.5408,0.08268,0.852,99.83,7.443,65.96
2024-01-06,43968.5,2240.63,307.5,0.5677,0.5226,0.08058,0.8281,93.76,7.135,65.61
2024-01-07,43909.6,2221.84,301.5,0.5495,0.4941,0.07868,0.8,89.11,6.891,64.23
2024-01-08,46970.7,2331.28,304.5,0.577,0.5405,0.08132,0.8419,97.85,7.459,67.31
2024-01-09,46110.9,2344.09,302.0,0.5667,0.512,0.07965,0.8062,99.37,7.119,66.96
2024-01-10,46655.4,2583.83,304.5,0.6002,0.5653,0.08405,0.8922,102.08,7.924,70.04
2024-01-11,46344.5,2618.46,308.0,0.602,0.5818,0.08462,0.9264,99.89,8.149,71.98
2024-01-11,46344.5,2618.46,308.0,0.602,0.5818,0.08462,0.9264,99.89,8.149,71.98
2024-01-12,42783.6,2522.38,297.5,0.5701,0.5478,0.08011,0.8642,91.88,7.548,72.91
2024-01-13,42851.4,2577.68,303.0,0.5746,0.5491,0.08093,0.886,95.77,7.616,71.99
2024-01-14,41740.9,2474.57,299.0,0.5763,0.5251,0.08006,0.8525,94.14,7.331,69.79
2024-01-15,42527.0,2512.05,317.0,0.5755,0.5274,0.08106,0.8464,94.41,7.507,69.14
2024-01-16,43134.4,2587.61,314.5,0.576,0.5354,0.08149,0.8509,97.67,7.489,69.45
2024-01-17,42778.8,2531.35,309.5,0.5684,0.5276,0.0806,0.811,101.84,7.349,69.47
2024-01-18,41314.5,2470.42,313.5,0.5516,0.5021,0.07802,0.7871,94.34,7.009,68.05
2024-01-19,41665.5,2492.18,314.5,0.5442,0.5046,0.0786,0.7624,93.53,6.869,71.23
2024-01-19,41665.5,2492.18,314.5,0.5442,0.5046,0.0786,0.7624,93.53,6.869,71.23
2024-01-19,41665.5,2492.18,314.5,0.5442,0.5046,0.0786,0.7624,93.53,6.869,71.23
2024-01-19,41665.5,2492.18,314.5,0.5442,0.5046,0.0786,0.7624,93.53,6.869,71.23
2024-01-20,41692.7,2472.11,317.5,0.5536,0.5161,0.08881,0.7875,92.78,6.908,71.34
2024-01-21,41579.6,2457.51,318.0,0.546,0.503,0.08544,0.7834,91.09,6.813,71.69
2024-01-22,39565.2,2314.2,306.0,0.5272,0.4786,0.08112,0.7496,83.87,6.336,67.36
2024-01-22,39565.2,2314.2,306.0,0.5272,0.4786,0.08112,0.7496,83.87,6.336,67.36
2024-01-23,39890.0,2242.62,299.0,0.5144,0.4772,0.07817,0.7253,84.29,6.351,65.46
2024-01-24,40075.5,2235.12,293.5,0.518,0.4762,0.07903,0.7385,88.75,6.459,66.09
2024-01-25,39954.1,2218.77,291.5,0.5134,0.4665,0.0779,0.7326,86.86,6.435,65.45
2024-01-26,41803.4,2267.67,302.5,0.5309,0.4848,0.07983,0.762,92.23,6.669,66.98
2024-01-27,42100.0,2268.02,306.0,0.5299,0.4861,0.08039,0.7878,94.23,6.666,68.03
2024-01-28,42013.8,2257.07,304.5,0.5229,0.4899,0.07885,0.7892,95.95,6.765,68.34
2024-01-29,43225.8,2317.48,311.0,0.5347,0.5259,0.08169,0.8131,101.41,7.028,68.42
2024-01-30,42920.8,2343.8,308.0,0.5084,0.5137,0.08112,0.7994,101.41,6.833,67.47
2024-01-31,42566.6,2283.44,300.0,0.5024,0.498,0.07876,0.7864,96.99,6.649,66.7
2024-02-01,43068.6,2304.27,299.5,0.5055,0.5074,0.07936,0.8108,97.44,6.79,67.48
2024-02-02,43180.0,2309.78,301.0,0.5101,0.5143,0.07924,0.7993,100.49,6.941,67.98
2024-02-03,42988.6,2296.19,300.0,0.5187,0.5125,0.0787,0.7847,97.84,6.825,68.68
2024-02-04,42567.3,2290.1,305.0,0.5031,0.4933,0.07885,0.7733,95.78,6.665,66.95
2024-02-05,42690.2,2302.14,300.5,0.5064,0.4938,0.07832,0.7805,95.62,6.732,67.67
2024-02-06,43056.1,2372.23,303.5,0.5047,0.4982,0.07869,0.8057,96.9,6.804,68.26
2024-02-07,44332.5,2424.79,307.5,0.5133,0.502,0.08015,0.8341,101.16,6.937,68.58
2024-02-08,45268.6,2420.03,318.0,0.5137,0.5293,0.07985,0.8359,102.77,7.008,70.48
2024-02-08,45268.6,2420.03,318.0,0.5137,0.5293,0.07985,0.8359,102.77,7.008,70.48
2024-02-08,45268.6,2420.03,318.0,0.5137,0.5293,0.07985,0.8359,102.77,7.008,70.48
2024-02-08,45268.6,2420.03,318.0,0.5137,0.5293,0.07985,0.8359,102.77,7.008,70.48
2024-02-09,47116.5,2486.94,323.5,0.5256,0.54,0.08157,0.8547,107.13,7.188,70.62
2024-02-10,46999.9,2500.15,322.0,0.5239,0.5517,0.08143,0.849,109.05,7.198,70.76
2024-02-11,48302.0,2507.52,320.0,0.5257,0.5413,0.0812,0.8354,107.48,7.096,71.52
2024-02-12,49949.7,2659.89,328.0,0.5315,0.5597,0.08228,0.8806,111.89,7.338,72.92
2024-02-13,49696.8,2640.08,323.5,0.525,0.545,0.08112,0.8547,112.58,7.329,68.94
2024-02-14,51814.5,2775.35,333.0,0.5379,0.5776,0.08572,0.8908,117.06,7.653,69.87
2024-02-15,51901.1,2823.08,353.5,0.5623,0.6091,0.08535,0.8903,113.62,7.784,69.78
2024-02-16,52142.2,2802.42,360.0,0.5647,0.5988,0.08598,0.9515,110.37,7.649,70.49
2024-02-17,51676.1,2785.81,352.5,0.5499,0.6094,0.08364,0.9289,108.96,7.587,69.98
2024-02-18,52171.5,2882.4,349.0,0.5573,0.6195,0.08529,1.0003,112.32,7.861,70.79
2024-02-19,51810.4,2945.11,352.5,0.5628,0.6312,0.08957,0.9975,111.56,8.029,71.34
2024-02-20,52298.0,3015.35,355.5,0.5629,0.6222,0.08622,1.028,108.38,7.734,69.71
2024-02-21,51876.5,2967.92,379.0,0.5486,0.5988,0.08469,0.9514,104.86,7.472,68.95
2024-02-22,51316.3,2971.24,381.5,0.5416,0.5903,0.08421,0.9949,101.82,7.489,68.85
2024-02-23,50769.2,2921.83,374.5,0.5343,0.5815,0.08453,0.9873,99.82,7.567,68.84
2024-02-24,51605.1,2992.85,382.0,0.5457,0.597,0.08625,0.995,104.08,7.825,70.42
2024-02-25,51762.1,3112.83,388.5,0.5429,0.5897,0.0862,0.9995,103.54,7.927,70.16
2024-02-26,54514.1,3177.22,401.5,0.5512,0.6119,0.08937,1.0602,108.74,8.115,71.73
2024-02-27,57078.0,3243.45,395.0,0.5867,0.6243,0.09838,1.0299,108.22,8.371,74.05
2024-02-28,62491.6,3383.76,414.0,0.5756,0.6314,0.11604,1.0102,119.05,8.349,74.54
2024-02-29,61221.0,3342.07,399.0,0.5863,0.6543,0.11723,1.0009,125.68,8.259,79.24
2024-03-01,62424.5,3432.82,407.0,0.6019,0.7024,0.13951,1.0259,129.72,8.673,84.95
2024-03-02,62035.5,3421.93,410.5,0.6358,0.7384,0.1424,1.0848,129.69,9.396,92.84
2024-03-03,63174.9,3490.0,414.5,0.6272,0.7287,0.15433,1.0906,130.32,9.783,90.76
2024-03-04,68285.9,3626.91,418.0,0.6489,0.7702,0.18196,1.1449,131.9,9.861,88.93
2024-03-05,63747.5,3554.99,393.5,0.5848,0.6932,0.15361,1.0353,125.46,9.254,80.99
2024-03-06,66127.7,3820.21,428.5,0.6126,0.7342,0.15796,1.118,130.76,10.534,85.5
2024-03-07,66870.1,3869.49,475.0,0.6281,0.7473,0.15779,1.1617,144.04,10.414,88.07
2024-03-08,68180.0,3883.24,485.0,0.6206,0.7245,0.16483,1.1258,144.77,10.642,87.28
2024-03-09,68360.9,3906.07,487.5,0.6205,0.742,0.1789,1.1582,144.33,10.505,90.29
2024-03-10,69006.0,3880.0,528.5,0.6048,0.718,0.17003,1.2311,144.43,10.271,87.42
2024-03-11,72150.8,4067.76,523.5,0.7223,0.7753,0.18239,1.2438,148.98,11.056,103.97
2024-03-12,71506.8,3982.01,537.5,0.6884,0.7425,0.16835,1.1827,151.21,10.748,97.39
2024-03-13,73127.6,4005.83,630.0,0.6897,0.7629,0.16925,1.2718,163.99,11.17,97.17
2024-03-14,71455.6,3882.02,604.5,0.6703,0.7514,0.17738,1.2241,176.74,11.499,93.83
2024-03-15,69531.3,3741.54,631.5,0.6282,0.7279,0.16362,1.1411,183.89,10.841,89.45
2024-03-16,65352.8,3525.18,576.5,0.6019,0.6628,0.1426,1.0445,181.52,9.7,83.99
2024-03-17,68450.2,3645.39,572.0,0.6136,0.6814,0.1543,1.089,201.97,10.082,85.96
2024-03-18,67655.6,3521.15,556.0,0.6462,0.6607,0.14359,1.0311,196.04,9.906,86.37
2024-03-19,61977.8,3160.41,509.0,0.5829,0.5879,0.12891,0.9334,169.97,8.747,77.97
2024-03-20,67875.8,3513.84,557.5,0.6116,0.6399,0.15211,1.0091,191.85,9.488,84.77
2024-03-21,65542.6,3492.79,554.0,0.6413,0.6323,0.15563,0.9962,179.39,9.184,85.76
2024-03-22,63824.0,3336.28,553.5,0.6108,0.6102,0.15327,0.9726,173.49,8.915,83.31
2024-03-23,64030.7,3331.18,554.0,0.6176,0.6304,0.16199,0.9826,172.9,8.977,85.33
2024-03-24,67254.0,3454.56,569.0,0.633,0.6392,0.17665,1.0124,183.46,9.376,89.7
2024-03-25,69933.1,3591.31,590.5,0.6471,0.6599,0.17693,1.0468,189.2,9.799,89.6
2024-03-26,70037.3,3588.23,580.5,0.6329,0.6656,0.17887,1.0472,191.63,9.688,95.29
2024-03-27,69533.7,3502.68,574.5,0.6124,0.6489,0.19049,1.0092,186.38,9.451,93.53
2024-03-28,70837.3,3562.02,584.0,0.6251,0.6512,0.22022,1.0032,189.82,9.527,94.2
2024-03-29,69899.7,3510.59,612.0,0.6309,0.6605,0.21328,0.9918,192.33,9.61,109.16
2024-03-30,69646.1,3507.18,600.5,0.6212,0.6446,0.19939,0.9805,194.36,9.436,102.92
2024-03-31,71367.6,3646.44,606.5,0.6294,0.651,0.22021,1.0045,202.77,9.654,105.18
2024-04-01,69710.6,3504.62,577.0,0.6117,0.622,0.20541,0.9516,192.46,9.155,99.29
2024-04-02,65496.0,3278.89,551.0,0.5855,0.583,0.1824,0.9011,181.36,8.583,106.82
2024-04-03,65968.2,3311.92,561.5,0.5743,0.5767,0.17541,0.8966,185.14,8.424,98.34
2024-04-04,68491.5,3328.56,584.5,0.593,0.5841,0.18014,0.906,184.02,8.469,98.32
2024-04-05,67825.8,3317.75,577.0,0.5873,0.5743,0.17728,0.8848,174.43,8.383,97.95
2024-04-06,68898.6,3351.0,585.0,0.5931,0.584,0.1859,0.8984,178.8,8.49,100.76
2024-04-07,69367.3,3454.23,583.0,0.5947,0.59,0.19898,0.9121,179.65,8.709,100.57
2024-04-08,71679.9,3695.61,588.0,0.6154,0.6095,0.20275,0.9469,180.9,9.049,103.35
2024-04-09,69196.8,3506.64,580.5,0.6142,0.601,0.18922,0.8981,172.48,8.666,97.6
2024-04-10,70680.0,3545.35,609.5,0.618,0.5832,0.19285,0.8886,173.45,8.422,96.78
2024-04-11,70115.1,3502.79,604.5,0.6088,0.5864,0.19398,0.8791,172.58,8.384,98.77
2024-04-12,67147.1,3238.0,595.0,0.5467,0.5029,0.17433,0.7657,153.22,7.194,86.08
2024-04-13,63931.9,3005.51,553.5,0.4782,0.4479,0.15296,0.6516,139.54,6.372,77.28
2024-04-14,65618.4,3154.75,566.5,0.4969,0.4701,0.16201,0.7113,151.37,6.852,79.7
2024-04-15,63392.8,3102.01,552.5,0.4971,0.4605,0.16117,0.7069,138.81,6.704,78.01
2024-04-16,63776.5,3084.29,537.0,0.4961,0.4602,0.1559,0.7027,136.2,6.693,79.92
2024-04-17,61254.0,2985.33,533.5,0.4945,0.4479,0.14762,0.6677,132.33,6.578,80.15
2024-04-18,63442.0,3064.06,551.0,0.5021,0.4574,0.15225,0.6764,141.93,6.775,80.68
2024-04-19,63793.2,3056.03,553.0,0.5023,0.4676,0.15583,0.6743,142.77,6.674,80.56
2024-04-20,64897.2,3155.38,570.0,0.5285,0.5061,0.16273,0.7379,151.05,7.223,85.02
2024-04-21,64912.8,3147.79,580.0,0.5239,0.4989,0.1581,0.7134,148.7,7.132,84.07
2024-04-22,66781.8,3200.42,604.0,0.556,0.5164,0.16117,0.744,156.88,7.465,85.36
2024-04-23,66386.1,3219.85,606.0,0.5445,0.4998,0.15979,0.7286,154.66,7.237,85.0
2024-04-24,64288.5,3140.29,608.0,0.5271,0.4743,0.15127,0.7043,147.73,6.92,82.65
2024-04-25,64496.5,3156.09,612.5,0.525,0.4704,0.1513,0.7203,145.11,6.856,83.72
2024-04-26,63763.6,3130.99,596.5,0.5249,0.4626,0.1478,0.7026,140.85,6.756,87.58
2024-04-27,63444.4,3255.02,595.5,0.5173,0.467,0.1477,0.7325,141.27,6.799,83.82
2024-04-28,63110.0,3262.84,600.0,0.5095,0.4597,0.14662,0.7211,138.73,6.72,83.78
2024-04-29,63855.3,3216.59,593.0,0.5147,0.4567,0.14338,0.708,137.68,6.581,83.37
2024-04-30,60686.4,3014.96,578.5,0.4999,0.4407,0.13333,0.6666,126.94,6.418,79.03
2024-05-01,58325.5,2972.56,561.0,0.5097,0.4499,0.13014,0.6916,133.15,6.876,78.64
2024-05-02,59065.4,2986.66,559.5,0.5177,0.4578,0.13195,0.7205,137.86,7.272,80.02
2024-05-03,62865.4,3102.81,586.5,0.5312,0.4668,0.14602,0.7321,143.6,7.235,80.91
2024-05-04,63891.8,3117.4,584.0,0.5299,0.465,0.16015,0.729,146.02,7.121,81.58
2024-05-05,64007.5,3136.05,592.0,0.5291,0.4577,0.16094,0.7338,145.64,7.296,81.19
2024-05-06,63161.7,3061.68,588.5,0.5397,0.4539,0.15646,0.711,152.77,7.114,80.7
2024-05-07,62316.1,3005.34,576.0,0.5243,0.4413,0.15009,0.693,149.38,6.991,80.75
2024-05-08,61169.8,2974.54,587.5,0.5168,0.4517,0.14319,0.6811,142.34,6.983,81.33
2024-05-09,63050.0,3036.42,596.5,0.5204,0.4635,0.152,0.6948,152.53,7.043,82.98
2024-05-10,60776.9,2910.44,585.0,0.5018,0.4478,0.14391,0.6716,146.3,6.741,80.15
2024-05-11,60808.4,2913.41,591.5,0.5054,0.4383,0.14296,0.6763,145.3,6.655,81.32
2024-05-12,61451.0,2929.28,594.0,0.499,0.4375,0.14118,0.6703,143.37,6.618,81.34
2024-05-13,62918.0,2950.83,590.5,0.5048,0.4361,0.14856,0.663,147.34,6.662,80.53
2024-05-14,61551.4,2882.77,567.0,0.4996,0.4277,0.14543,0.6492,141.98,6.475,78.71
2024-05-15,66171.4,3032.25,581.5,0.5184,0.4523,0.15532,0.6861,158.26,6.957,81.26
2024-05-16,65213.9,2945.12,568.0,0.5152,0.4595,0.14959,0.694,159.11,7.011,82.39
2024-05-17,66985.7,3092.68,581.0,0.523,0.4818,0.15552,0.7134,169.41,7.193,84.12
2024-05-18,66890.5,3122.83,580.0,0.5208,0.4821,0.15296,0.7091,172.32,7.156,83.8
2024-05-19,66242.9,3072.23,574.0,0.5091,0.4672,0.14906,0.6832,169.95,6.93,82.3
2024-05-20,71463.9,3662.16,600.0,0.5372,0.5021,0.16576,0.7528,185.89,7.567,88.65
2024-05-21,70162.1,3790.44,618.5,0.5372,0.4949,0.17075,0.7299,178.19,7.617,88.24
2024-05-22,69217.2,3739.7,615.5,0.5271,0.4836,0.16645,0.724,177.06,7.464,85.82
2024-05-23,68012.8,3782.99,599.0,0.5288,0.466,0.15976,0.744,176.12,7.203,85.45
2024-05-24,68578.0,3728.07,600.0,0.5362,0.4599,0.16388,0.724,167.79,7.246,85.04
2024-05-25,69301.6,3750.34,602.0,0.5419,0.4623,0.17416,0.7299,168.47,7.425,84.96
2024-05-26,68532.3,3827.19,600.0,0.5283,0.4584,0.16632,0.7165,163.61,7.563,83.93
2024-05-27,69467.8,3895.05,605.0,0.5343,0.4686,0.16927,0.745,170.29,7.644,85.32
2024-05-28,68438.4,3845.08,602.0,0.5289,0.4576,0.16517,0.733,168.93,7.375,83.47
2024-05-29,67688.0,3768.34,595.5,0.5239,0.4515,0.164,0.715,168.46,7.18,83.61
2024-05-30,68392.9,3748.5,595.5,0.5189,0.4468,0.15959,0.6968,167.07,7.0,84.45
2024-05-31,67572.3,3762.36,595.0,0.5177,0.4476,0.15928,0.6949,166.09,6.988,83.3
2024-06-01,67828.0,3816.0,602.5,0.5187,0.4506,0.16048,0.6996,166.32,7.068,83.51
2024-06-02,67804.5,3782.33,604.5,0.5137,0.4467,0.15734,0.6905,163.32,6.993,83.14
2024-06-03,68853.6,3767.34,626.5,0.5201,0.4574,0.15842,0.7052,165.06,7.011,82.88
2024-06-04,70582.1,3811.13,686.0,0.5259,0.4618,0.16153,0.7158,171.92,7.187,83.69
2024-06-05,71133.7,3865.66,700.0,0.5262,0.4617,0.16338,0.7253,173.73,7.261,85.46
2024-06-06,70837.6,3813.41,711.0,0.5217,0.4586,0.16026,0.7265,170.2,7.149,84.26
2024-06-07,69385.8,3679.1,684.0,0.4987,0.4497,0.14833,0.6673,162.56,6.653,80.09
2024-06-08,69350.8,3681.71,683.0,0.4925,0.4364,0.14599,0.6499,157.92,6.38,79.97
2024-06-09,69677.1,3706.41,673.0,0.4983,0.4442,0.14674,0.6553,162.14,6.52,80.47
2024-06-10,69571.6,3669.71,624.0,0.4969,0.4409,0.14477,0.65,159.09,6.506,79.65
2024-06-10,69571.6,3669.71,624.0,0.4969,0.4409,0.14477,0.65,159.09,6.506,79.65
2024-06-11,67318.4,3497.5,603.0,0.4802,0.4216,0.13809,0.6176,149.34,6.372,77.24
2024-06-12,68270.4,3560.64,619.5,0.4915,0.438,0.14624,0.6447,155.19,6.736,78.48
2024-06-13,66779.6,3469.61,599.5,0.477,0.421,0.14109,0.6048,147.26,6.356,79.12
2024-06-14,66028.0,3481.51,603.0,0.474,0.4115,0.13491,0.5913,143.01,6.162,77.54
2024-06-15,66213.9,3568.81,607.5,0.4906,0.4136,0.13665,0.617,145.45,6.218,79.22
2024-06-16,66654.5,3624.31,610.5,0.489,0.4165,0.13702,0.6192,151.19,6.372,78.92
2024-06-17,66475.9,3511.35,603.5,0.5047,0.4013,0.12875,0.5842,143.2,6.067,76.57
2024-06-18,65142.4,3484.0,589.0,0.4879,0.3834,0.1222,0.5568,137.54,5.767,72.23
2024-06-19,64940.5,3560.66,599.5,0.4928,0.3845,0.12244,0.5768,135.73,5.794,73.73
2024-06-20,64852.1,3512.67,587.5,0.4885,0.3839,0.1244,0.5729,133.46,5.638,74.66
2024-06-21,64124.8,3518.07,585.5,0.4886,0.3756,0.12401,0.5684,134.55,5.606,74.08
2024-06-22,64247.8,3495.69,591.5,0.4863,0.3846,0.12373,0.5708,133.67,5.746,74.54
2024-06-23,63189.8,3420.88,577.0,0.4795,0.3801,0.12223,0.5612,129.98,5.649,73.34
2024-06-24,60272.1,3351.69,567.5,0.4739,0.3776,0.11893,0.5612,132.23,5.721,69.49
2024-06-25,61775.7,3394.98,578.5,0.4753,0.3919,0.12616,0.5673,136.55,5.841,71.31
2024-06-26,60861.7,3371.03,573.5,0.4696,0.3847,0.12277,0.5517,136.79,5.792,70.94
2024-06-27,61683.8,3450.18,581.0,0.475,0.3911,0.12707,0.567,149.7,6.286,73.2
2024-06-28,60429.1,3380.0,567.5,0.4713,0.3857,0.12294,0.5529,139.92,6.19,72.81
2024-06-29,60981.5,3378.91,570.0,0.4723,0.3838,0.12183,0.5483,140.17,6.076,74.89
2024-06-30,62770.5,3437.87,582.5,0.4759,0.3923,0.12447,0.5611,146.7,6.212,75.28
2024-07-01,62885.4,3442.58,578.0,0.4767,0.4031,0.12351,0.5577,146.69,6.328,74.36
2024-07-02,62114.1,3421.51,580.5,0.4852,0.4182,0.12521,0.5713,153.91,6.528,75.99
2024-07-03,60201.5,3295.29,557.5,0.4667,0.4071,0.11845,0.5308,141.06,6.072,71.98
2024-07-04,57041.9,3058.27,512.5,0.4328,0.3621,0.10485,0.494,127.74,5.55,65.33
2024-07-05,56600.1,2981.53,498.0,0.4248,0.3496,0.10537,0.4672,134.34,5.683,61.8
2024-07-06,58212.7,3066.6,526.0,0.4487,0.3707,0.11349,0.5062,143.07,6.239,65.36
2024-07-06,58212.7,3066.6,526.0,0.4487,0.3707,0.11349,0.5062,143.07,6.239,65.36
2024-07-06,58212.7,3066.6,526.0,0.4487,0.3707,0.11349,0.5062,143.07,6.239,65.36
2024-07-06,58212.7,3066.6,526.0,0.4487,0.3707,0.11349,0.5062,143.07,6.239,65.36
2024-07-06,58212.7,3066.6,526.0,0.4487,0.3707,0.11349,0.5062,143.07,6.239,65.36
2024-07-06,58212.7,3066.6,526.0,0.4487,0.3707,0.11349,0.5062,143.07,6.239,65.36
2024-07-06,58212.7,3066.6,526.0,0.4487,0.3707,0.11349,0.5062,143.07,6.239,65.36
2024-07-06,58212.7,3066.6,526.0,0.4487,0.3707,0.11349,0.5062,143.07,6.239,65.36
2024-07-07,55834.1,2931.75,490.5,0.4193,0.3464,0.10407,0.4777,133.92,5.906,61.95
2024-07-08,56698.0,3018.87,511.0,0.4311,0.3691,0.10763,0.5017,139.86,5.941,64.46
2024-07-09,58026.6,3066.55,517.0,0.4353,0.375,0.10747,0.5006,141.36,6.11,65.25
2024-07-10,57701.5,3103.17,524.0,0.4384,0.3885,0.10798,0.5127,142.0,6.093,66.78
2024-07-11,57312.0,3099.64,524.5,0.448,0.3958,0.10662,0.4979,136.57,5.898,67.32
2024-07-12,57860.1,3133.34,534.5,0.4735,0.4166,0.10764,0.507,139.39,6.094,69.17
2024-07-13,59173.6,3175.44,531.5,0.5252,0.4413,0.11223,0.531,141.96,6.236,69.77
2024-07-14,60761.2,3245.01,544.0,0.5216,0.4316,0.11539,0.5307,147.83,6.316,69.84
2024-07-15,64685.8,3483.64,584.5,0.5367,0.4449,0.12486,0.549,159.28,6.482,71.95
2024-07-16,64405.6,2716.73,551.5,0.5111,0.4184,0.0423,0.3934,231.95,6.137,72.46
2024-07-17,64019.2,1114.19,655.5,9.4109,0.1512,0.01852,0.318,341.41,13.928,67.86
2024-07-18,63105.4,3400.0,572.0,0.5834,0.1664,0.01872,0.2589,330.38,13.481,68.4
2024-07-19,67970.9,3436.89,594.5,0.5776,0.1414,0.01846,0.2481,286.76,12.826,70.91
2024-07-20,68431.0,3520.28,599.5,0.5917,0.1286,0.01899,0.3508,10018.57,4.377,71.62
2024-07-21,69199.6,3562.72,596.0,0.5963,0.1327,0.34285,0.3615,559.11,3.682,138.82
2024-07-22,66920.0,3423.05,593.5,0.6052,0.4212,0.00019,0.5369,176.43,6.155,0.19
2024-07-22,66920.0,3423.05,593.5,0.6052,0.4212,0.00019,0.5369,176.43,6.155,0.19
