product_name,count
BORNOS VINOS & LICORES,1
BODEGAS VERDUGUEZ,1
CELLER LES FRESES,1
FALCON VINES,1
SIDRAS BEREZIARTUA SAGARDOAK,1
VIÑALESA,1
''ADEGA LAGAR PEDREGALES (ALBARIÑO),1
100 PALOS,1
300 LÍOS VOLCANIC GRAPES,1
3 TERRUÑOS,1
"41NORTE, BOUTIQUE WINERY & VINEYARDS",1
4 MONOS VITICULTORES,1
5 HORMIGAS,1
70th ALBARIÑO vintage - BODEGAS CHAVES,1
7103 PETIT CELLER,1
ABADAL,1
ABADIA RETUERTA,1
ABADÍA SAN QUIRCE,1
ABA SOLLEIRA,1
Adega Algueira,1
ADEGA CHAOS,1
ADEGA JOAQUÍN REBOLLEDO,1
ADEGA MANUEL FORMIGO,1
ADEGA PEDRALONGA,1
ADEGA SAÍÑAS / [Adega Sainas],1
ADEGAS CASTROBREY,1
ADEGAS CHAN DE VIDE,1
ADEGAS D VAGAR,1
ADEGAS GUIMARO,1
ADEGAS TERRA DE ASOREI,1
Adegas Valmiñor - Ébano,1
ADEGA VILLAVERDE - JUST B,1
AGACAL,1
AGRICOLA CORBERA D'EBRE,1
AGRICOLA LA PORTERA,1
AGRO-URDIENSE SL,1
AKUTAIN,1
ALBA EN RIBERA,1
Albariño VAL DE MEIGAS,1
ALBERTO ORTE - Compañía de Vinos del Atlántico,1
ALBET I NOYA,1
ALCONDE,1
ALEAVINI,1
ALEGRE & VALGANON,1
ALEJANDRO FERNANDEZ TINTO PESQUERA,1
ALFREDO ARRIBAS & VINS NUS,1
ALFREDO MAESTRO - VITICULTOR -,1
ALGIL BODEGAS Y VIÑEDOS,1
ALIAGA,1
ALICANTE D.O.P,1
ALICIA I JOSEP VITICULTORS,1
ALMAZCARA MAJARA,1
ALONSO & PEDRAJO VITICULTORES,1
AL PIE DEL ABISMO,1
ALSINA & SARDÀ,1
ALTANZA,1
ALTA PAVINA / EL PINOT NOIR CASTELLANO,1
ALTAVINS,1
ALTHAY,1
ALTOLANDON,1
ALTOS DE RIOJA,1
ALTÚN,1
ALVAR DE DIOS,1
ALVAREZ-ALFARO,1
ÁLVAREZ Y DÍEZ BODEGAS,1
AMAT MONTANÉ,1
AMBORA,1
ANECOOP BODEGAS,1
"ANNAPURNA, HIGH ALTITUD WINE",1
ANONIMAS WINES,1
A PACHAS,1
A PITA CEGA,1
ARAEX GRANDS SPANISH FINE WINES,1
ARAGÓN ALIMENTOS,1
ARAGONESAS BODEGA / WINERY,1
Área Pequeña Viticultores,1
ÀRID VINS,1
ARINZANO,1
ARIZCUREN BODEGA Y VIÑEDOS,1
ARRAEZ WINE GROUP,1
ART LAIETÀ D'ALTA ALELLA,1
ARTOMAÑA TXAKOLINA,1
ARTUKE BODEGAS Y VIÑEDOS,1
ASENSIO CARCELÉN,1
ASOC. DE VINO DE CALIDAD DE VALTIENDAS,1
ASTOBIZA,1
Atavus Priorat,1
AT ROCA,1
ATTIS - SANGARIDA,1
AURELIO GARCIA,1
AURUM RED BY GUSTO SELECT,1
AV BODEGUERS,1
AVELINO VEGAS,1
AVGVSTVS FORVM,1
ÁVILA AUTÉNTICA,1
AVINYÓ,1
AWINES SPAIN & PORTUGAL,1
AYMAR,1
AYMAR VITIVINICOLES,1
B.R.O.T COL LECTIU BIODINÀMICH,1
BALDOVAR 923,1
BARAHONDA,1
BARBADILLO,1
Bárbara Palacios López-Montenegro,1
BARCO DEL CORNETA,1
BARDINET WINES,1
BARONÍA DE TURÍS,1
BASQUE MOONSHINERS S.L,1
"BASQUE WINE: Rioja Alavesa, Txakoli & Euskal Sagardoa",1
BELL CROS,1
BELLORI VINOS,1
BELLPLA VINS,1
BERNABELEVA,1
BERTA VALGAÑÓN & PRETIUM,1
BERTHA,1
BEVZERO,1
BIEN DE ALTURA VINOS,1
BIG 5,1
BINIGRAU,1
BLAI DE MONTFERRI,1
BLANCA TERRA,1
BLOSSOM WINES,1
BODEGA & VIÑEDOS ABADÍA DE ACÓN,1
BODEGA 202,1
BODEGA 65,1
BODEGA A. MUÑOZ CABRERA - DIMOBE,1
BODEGA AITAREN UPATEGIA,1
BODEGA BALCONA,1
BODEGA BARDOS,1
BODEGA BATGARA TXAKOLINA,1
BODEGA BELLO BERGANZO,1
BODEGA BORDOY,1
BODEGA BRAVO ESCÓS,1
BODEGA BSI / GÉMINA BODEGAS,1
BODEGA CASTELL MIQUEL,1
BODEGA CASTILLO DE ARESAN,1
BODEGA CERRÓN,1
BODEGA CILLAR DE SILOS,1
BODEGA CONDE DE MONTORNÉS,1
BODEGA CONDE DE SUYROT,1
BODEGA CONTADOR,1
BODEGA COOPERATIVA JESUS NAZARENO,1
BODEGA CORTIJO LA FUENTE,1
BODEGA CUARTA GENERACIÓN,1
BODEGA CUATRO RAYAS,1
BODEGA CUMBRES DE ABONA,1
BODEGA DANIEL RAMOS,1
BODEGA DE ESLAVA,1
BODEGA DE FORLONG,1
BODEGA DEHESA DE LOS CANÓNIGOS,1
BODEGA DEL ABAD,1
BODEGA DE SADA,1
BODEGA DOBLE R,1
BODEGA EL SITIO,1
BODEGA ERUPCIÓN,1
BODEGA ES FANGAR VINS,1
BODEGA FABIO COULLET,1
BODEGA FINCA DE LOS ARANDINOS,1
Bodega Finca Fuentegalana,1
BODEGA FLORS,1
BODEGA INURRIETA,1
BODEGA K5,1
BODEGA KIENINGER,1
BODEGA LA GERIA,1
BODEGA LA MILAGROSA S. COOP,1
BODEGA LAS CALZADAS,1
BODEGA LAS CEPAS,1
BODEGA LAS VIRTUDES,1
BODEGA LIBERALIA,1
BODEGA LOS GREDALES DE EL TOBOSO,1
BODEGA LOS IMPOSIBLES,1
BODEGA LUIS SAENZ,1
Bodega Luna Beberide,1
BODEGA LUZDIVINA AMIGO,1
BODEGA MARQUES DE MONTECIERZO,1
BODEGA MARQUÉS DE VELILLA,1
BODEGA MASOS,1
BODEGA MAURICIO LORCA,1
BODEGA MIGUEL DOMECQ,1
BODEGA MONASTRELL,1
Bodega Muelas,1
BODEGA MUSTIGUILLO,1
BODEGA NEGÓN,1
BODEGA OLIVINA,1
BODEGA OTTO BESTUÉ,1
BODEGA OZALDER,1
BODEGA PALOMILLO,1
BODEGA PARAÍSOS PERDIDOS,1
BODEGA PÁRAMO ARROYO,1
BODEGA PIEDRA FLUIDA,1
BODEGA PINNA FIDELIS,1
BODEGA PIRINEOS,1
BODEGA PUNTA DE FLECHA,1
BODEGA REJADORADA,1
BODEGA RIBAS,1
BODEGA S. ARROYO,1
BODEGAS ABEICA,1
BODEGA SA CABANA,1
BODEGAS ADRIÁ,1
BODEGAS AESSIR,1
BODEGAS AGORIS,1
BODEGAS AGUIUNCHO,1
BODEGAS ALBAMAR,1
BODEGAS ALCARDET,1
BODEGAS ALCEÑO - FAMILIA BASTIDA,1
BODEGAS ALEJANDRO,1
Bodegas Alonso González S.L.,1
BODEGAS ALVEAR,1
BODEGAS ALVIA,1
BODEGAS AMADOR GARCÍA,1
BODEGAS AMEZOLA DE LA MORA,1
BODEGA SANTA CATALINA DEL MAÑÁN,1
BODEGA SANTA CATARINA,1
BODEGA SANTA CRUZ DE ALPERA,1
BODEGAS ANTONIO SERRANO,1
BODEGAS ARCO DE CURIEL,1
BODEGAS ARRAYAN,1
BODEGAS ARROCAL,1
bodegas asenjo &manso,1
BODEGAS ASENSIO,1
BODEGAS AS LAXAS,1
BODEGAS ATREVINO,1
BODEGAS AYUSO,1
BODEGAS BAGORDI,1
BODEGAS BAIGORRI,1
BODEGAS BAILAFIERAS,1
BODEGAS BALBÁS,1
BODEGAS BAL MINUTA - EL VINO DE LAS NIEVES,1
BODEGAS BARRERO,1
BODEGAS BENTOMIZ,1
BODEGAS BETOLAZA,1
BODEGAS BHILAR,1
BODEGAS BIGARDO,1
BODEGAS BLEDA,1
BODEGAS BOCOPA,1
BODEGAS BORSAO,1
BODEGAS CALVENTE,1
BODEGAS CAMPOAMENO SA,1
BODEGAS CAMPOS REALES,1
BODEGAS CANO,1
BODEGAS CANOPY,1
BODEGAS CARCHELO,1
BODEGAS CARE,1
BODEGAS CARMELO RODERO,1
BODEGAS CARRAMIMBRE,1
BODEGAS CARREPRADO,1
BODEGAS CASA ANTONETE,1
BODEGAS CASA CASTILLO,1
BODEGAS CASAJÚS,1
BODEGAS CASTAÑO,1
Bodegas Castelo de Medina,1
BODEGAS CASTILLEJO DE ROBLEDO,1
BODEGAS CAUDALÍA,1
BODEGAS CELAYA,1
BODEGAS CEPA 21,1
BODEGAS CINCO LEGUAS,1
BODEGAS CLOS D'AGON,1
BODEGAS CORNELIO DINASTÍA,1
BODEGAS COVITORO,1
BODEGAS CRISTO DE LA VEGA,1
BODEGAS DAVID MORENO,1
BODEGAS DE ALBERTO,1
BODEGAS DE BLAS SERRANO,1
BODEGAS DE FAMILIA BURGO VIEJO,1
BODEGAS DE LA MARQUESA - VALSERRANO,1
BODEGAS DEL MEDIEVO,1
BODEGAS DEL PALACIO DE FEFIÑANES,1
BODEGAS DEL RIO,1
BODEGAS DEL ROSARIO,1
BODEGAS DEL SAZ,1
Bodegas del Socorro,1
BODEGAS DE POSTIN,1
BODEGAS DIEZ DEL CORRAL,1
BODEGAS D MATEOS,1
BODEGAS DOMECO DE JARAUTA,1
BODEGAS DON OCTAVIO,1
"BODEGAS E. MENDOZA, S.L.U.",1
BODEGAS EL GRIFO,1
BODEGAS EL GRILLO Y LA LUNA,1
BODEGAS EL HACEDOR SL,1
BODEGAS EL LAGAR DE ISILLA,1
BODEGAS EL PROGRESO,1
BODEGAS EL TANINO,1
BODEGAS ENGUERA,1
BODEGAS ENTREMONTES,1
BODEGA SEPTIEN,1
BODEGAS ERESMA - LA SOTERRAÑA,1
BODEGAS ESCUDEIRO,1
BODEGAS ESTEBAN MARTIN,1
BODEGAS ESTEFANIA - TILENUS,1
BODEGAS EXOPTO,1
BODEGAS FABREGAS,1
BODEGAS FAELO,1
BODEGAS FAMILIA CHAVARRI,1
BODEGAS FAMILIA CONESA - DO PAGO GUIJOSO,1
BODEGAS FAMILIARES DE RIOJA,1
BODEGAS FAMILIARES MATARROMERA,1
BODEGAS FARIÑA,1
BODEGAS FELIX LORENZO CACHAZO,1
BODEGAS FELIX SANZ,1
BODEGAS FERMIN GILAR,1
Bodegas Fernandez Eguiluz,1
BODEGAS FERNANDO CASTRO,1
BODEGAS FERNANDO DE CASTILLA,1
BODEGAS FINCA CIENVACAS,1
BODEGAS FORJAS DEL SALNES,1
BODEGAS FOS,1
BODEGAS FRANCISCO BARONA,1
BODEGAS FRANCISCO GOMEZ,1
BODEGAS FRANCO-ESPAÑOLAS - RIOJA & RIBERA DEL DUERO WINES,1
BODEGAS FRONTONIO,1
BODEGAS FUNDADOR,1
BODEGAS GALLEGAS,1
BODEGAS GARAY,1
BODEGAS GARCIA DE LARA,1
BODEGAS GARCIARÉVALO,1
BODEGAS GODELIA,1
BODEGAS GORDONZELLO,1
BODEGAS GRANBAZÁN,1
BODEGAS GRATIAS. FAMILIA Y VIÑEDOS,1
BODEGAS GUTIERREZ COLOSIA,1
BODEGAS GUTIÉRREZ DE LA VEGA,1
BODEGAS HABLA,1
BODEGAS HEREDAD DE ADUNA,1
"BODEGAS HIDALGO-LA GITANA, S.A.",1
BODEGAS HISPANO SUIZAS,1
BODEGAS HYDRIA,1
BODEGA SIERRA ALMAGRERA,1
BODEGAS IGNACIO MARIN,1
BODEGAS ILLANA,1
BODEGAS INFANTE,1
BODEGAS ISLA,1
BODEGAS ISMAEL ARROYO,1
BODEGAS ITSASMENDI,1
BODEGAS JAVIER RUIZ,1
BODEGAS JAVIER SAN PEDRO,1
BODEGAS JOSÉ L. FERRER,1
Bodegas José Pariente Bodegas José Pariente,1
BODEGAS JUAN PIÑERO,1
BODEGAS LA DIVISA,1
BODEGAS LA ERALTA,1
BODEGAS LAGAR DE COSTA,1
BODEGAS LA GRANADILLA,1
Bodegas LA HORRA,1
BODEGAS LAMBUENA,1
BODEGAS LAN - SOGRAPE,1
BODEGAS LA PURISIMA,1
BODEGAS LA REMEDIADORA,1
BODEGAS LAS NIETAS DE BERNABÉ,1
BODEGAS LAS ORCAS,1
Bodegas LATUE | Bio & Vegan,1
BODEGAS LECEA,1
BODEGAS LOLI CASADO,1
BODEGAS LOPEZ CRISTOBAL,1
BODEGAS LOS BERMEJOS,1
BODEGAS LOS PINOS,1
BODEGAS LOZANO,1
BODEGAS LUIS PEREZ,1
BODEGAS LUNARES,1
BODEGAS LUSTAU,1
BODEGAS LUZON & BODEGAS CORRAL,1
BODEGAS MAESTE,1
BODEGAS MAGASÉ,1
BODEGAS MALAGA VIRGEN,1
Bodegas Malón de Echaide,1
BODEGAS MANZANOS,1
BODEGAS MARCO REAL,1
BODEGAS MARQUÉS DE CÁCERES,1
BODEGAS MARQUÉS DE REINOSA,1
BODEGAS MARQUES DE VIZHOJA,1
BODEGAS MARTA MATE,1
BODEGAS MARTINEZ PAIVA,1
BODEGAS MARTINON,1
BODEGAS MÁS QUE VINOS,1
Bodegas Máximo Abete,1
BODEGAS MAYADOR,1
BODEGAS MAZAS,1
BODEGAS MAZUELA,1
BODEGAS MENADE,1
BODEGAS MENTOSTE,1
BODEGAS MILVUS,1
BODEGAS MONASTASIA RIOJA,1
BODEGAS MONTALVO WILMOT - PAGO LOS CERRILLOS,1
BODEGAS MONTE AIXA,1
BODEGAS MONTEBACO,1
BODEGAS MONTE LA REINA,1
BODEGAS NABAL,1
BODEGAS NAVAJAS,1
BODEGAS NAVISA,1
BODEGAS NIDIA,1
BODEGAS NODUS,1
BODEGAS NOVOS,1
BODEGAS O'VENTOSELA,1
BODEGAS OCHOA,1
BODEGAS OLIVARES,1
BODEGAS OLIVEROS,1
BODEGA SOLTERRA,1
BODEGA SOMMOS,1
BODEGA SON JULIANA,1
BODEGAS OTERO,1
BODEGAS OVIDIO GARCIA,1
BODEGAS PACO GARCIA,1
BODEGAS PANDORA,1
BODEGAS PANIZA,1
BODEGAS PARRA JIMENEZ,1
BODEGAS PASCUAL,1
BODEGAS PASTOR,1
BODEGAS PEÑAFIEL,1
BODEGAS PERICA,1
Bodegas Piedemonte,1
BODEGAS PIEDRA,1
Bodegas Pincerna,1
BODEGAS PINOSO,1
BODEGAS PINUAGA,1
BODEGAS PÍO DEL RAMO,1
BODEGAS PIQUERAS,1
BODEGAS PITA,1
BODEGAS PROTOS,1
BODEGAS PUENTE DEL EA,1
BODEGAS PUENTE DE RUS,1
BODEGAS QUINTA DE AVES,1
BODEGAS QUITAPENAS,1
BODEGAS RAIZ,1
BODEGAS RAMIREZ DE LA PISCINA,1
BODEGAS RAMIRO IBÁÑEZ,1
BODEGAS RESALTE,1
BODEGAS RIBADA,1
BODEGAS RIOJANAS,1
BODEGAS ROBLES - ROBLES ECOLOGICO,1
Bodegas RODA,1
BODEGAS RODRÍGUEZ Y SANZO,1
BODEGAS ROMALE,1
BODEGAS RUDELES,1
BODEGAS RUIZ DE VIÑASPRE,1
BODEGAS RUIZ TORRES,1
BODEGAS SALZILLO,1
BODEGAS SAN ALEJANDRO,1
BODEGAS SAN DIONISIO S. COOP.,1
BODEGAS SAN ESTEBAN (TIERRAS DE MURILLO),1
BODEGAS SANTIAGO APÓSTOL,1
BODEGAS SAN VALERO,1
BODEGAS SAURA,1
BODEGAS SEÑORIO DE LA ESTRELLA,1
BODEGAS SERDIO,1
BODEGAS SERVILIO-ARRANZ,1
BODEGAS SILVANO GARCÍA,1
BODEGAS SINFORIANO,1
BODEGAS SOLANA DE RAMIREZ,1
BODEGAS SONSIERRA,1
BODEGAS SON VICH DE SUPERNA,1
BODEGAS TÁBULA,1
BODEGAS TARÓN,1
BODEGAS TEMPORE,1
BODEGAS TIERRA,1
BODEGAS TOBELOS,1
BODEGAS TOBIA,1
BODEGAS TORIBIO,1
BODEGAS TORRALBENC,1
BODEGAS TRADICIÓN,1
BODEGAS TRASLASCUESTAS,1
BODEGAS TRENZA,1
BODEGAS URBINA,1
BODEGAS VALDECAMELLAS,1
BODEGAS VALDECONTINA,1
BODEGAS VALDELANA,1
BODEGAS VALDEPABLO,1
BODEGAS VALDESNEROS,1
BODEGAS VALDOVINOS,1
BODEGAS VALDUERO,1
BODEGAS VALLEMAYOR,1
BODEGAS VEGA DE TERA,1
BODEGAS VEGA DE YUSO,1
BODEGAS VEGALFARO,1
BODEGAS VEGAMAR,1
BODEGAS VEGA MENACHO,1
BODEGAS VEGANZONES,1
BODEGAS VERUM,1
BODEGAS VETUSTA,1
BODEGAS VIBE,1
Bodegas Vidal Soblechero Vidal Soblechero,1
BODEGAS VILLANUEVA,1
BODEGAS VIÑA ELENA,1
BODEGAS VIRGEN DE LOREA - OTXARAN,1
BODEGAS VIRIATUS,1
BODEGAS VIUDA DE MANJÓN,1
BODEGAS VIVANCO,1
BODEGAS VIZCARRA,1
"BODEGAS VOLVER , RAFAEL CAÑIZARES",1
BODEGAS XALÓ,1
BODEGAS XIMENEZ SPINOLA,1
BODEGAS Y PAGOS MATARREDONDA S. L. U,1
Bodegas Ysios,1
Bodegas y Viñedos Alzania Bodegas y viñedos Alzania,1
BODEGAS Y VIÑEDOS ARTADI DE LAGUARDIA,1
BODEGAS Y VIÑEDOS DEL LINAJE GARSEA,1
BODEGAS Y VIÑEDOS EGUÍLUZ,1
"BODEGAS Y VIÑEDOS GALLEGO ZAPATERO, S.L.",1
BODEGAS Y VIÑEDOS MENGOBA,1
BODEGAS Y VIÑEDOS MERAYO,1
BODEGAS Y VIÑEDOS MONTEABELLÓN,1
"BODEGAS Y VIÑEDOS NEO, S.L.",1
BODEGAS Y VIÑEDOS ORTEGA EZQUERRO,1
BODEGAS Y VIÑEDOS PONCE,1
BODEGAS Y VIÑEDOS QUIROGA DE PABLO,1
BODEGAS Y VIÑEDOS RUEDA PÉREZ,1
BODEGAS Y VIÑEDOS SOTERO PINTADO,1
BODEGAS Y VIÑEDOS TAMARAL,1
"BODEGAS Y VIÑEDOS VADERIZ, S.L.",1
BODEGAS YZAGUIRRE,1
BODEGAS ZAPATA,1
BODEGAS ZUGOBER - BELEZOS,1
BODEGA TAFURIASTE,1
BODEGA TESALIA,1
BODEGA TIERRA ARANDA,1
BODEGA TINAHA,1
BODEGA TINTORALBA,1
Bodega Toni Beneito,1
BODEGA TORRALBA MENORCA,1
BODEGA TRES PILARES,1
BODEGA VALDEHERMOSO - LAGAR DEL REY,1
BODEGA VALMENIA,1
BODEGA VERONICA ORTEGA,1
BODEGA VIÑA BUENA,1
BODEGA VULCANO DE LANZAROTE,1
BODEGA Y VIÑEDOS DE LA CAPUCHINA,1
BODEGA Y VIÑEDOS MAIRES,1
BODEGA Y VIÑEDOS MARTÍN BERDUGO,1
BODEGA Y VIÑEDOS MORATALLA,1
BODEGA Y VIÑEDOS PRADOREY,1
BODEGA Y VIÑEDOS SERAPIO,1
BODEGUES MACIÀ BATLE,1
BODEGUES SUMARROCA,1
BODEGUES VIDAL SERRA,1
BODEGUES VISENDRA SCP,1
BODEM BODEGAS,1
BOLDÚ VITICULTORS,1
BOLET ORGANIC WINES,1
BORJA PEREZ VITICULTOR,1
BORN ROSÉ BARCELONA,1
BOUQUET D'ALELLA,1
BOUTIQUE WINES,1
BOUZA DO REI,1
BRUMA AGRÍCOLA,1
BUEZO BODEGAS,1
BUIL & GINÉ,1
BUNKER DISTILLERY,1
C.R.D.O. MONTERREI,1
C.R.D.O. MONTILLA - MORILES,1
C.R.D.O.P. SIDRA DE ASTURIAS,1
C.R.D.O. RIAS BAIXAS,1
C.R.D.O. RIBEIRA SACRA,1
C.R.D.O. VALDEORRAS,1
CA'N VERDURA VITICULTORS,1
CAJAMAR,1
CAL BATLLET,1
CAL GRAU,1
CALLEJO,1
CAL TEIXIDOR,1
"CAMARA OFICIAL DE COMERCIO, INDUSTRIA Y SERVICIOS DE JEREZ DE LA FRONTERA",1
CA N'ESTRUC,1
CAN-VI,1
CANALS I MUNNE,1
CANALS NADAL - CAVES & VINS,1
CANARIAS,1
CAÑAS Y BARRO (VIÑAS DEL PORTILLO),1
CAN AXARTELL,1
CAN DESCREGUT,1
CAN FEIXES,1
CAN LEANDRO,1
CAN LLEÓ DE VILANOVETA,1
CAN MAJORAL,1
CAN MORRAL DEL MOLÍ,1
CAN RÀFOLS DELS CAUS,1
CAN RICH,1
CANTALAPIEDRA VITICULTORES,1
CANTAMUDA,1
CANTARIÑA,1
CAN VALLES - Organic & Biodynamic,1
CAN VICH,1
CARA NORD CELLER,1
CARGO WINE,1
Carlos Enrique García Díaz,1
CARMEN F. URIARTE- VITICULTURA Y VINO,1
CARVIRESA,1
CASA BALAGUER,1
CASA DE LA ERMITA,1
CASA LA RAD,1
Casal de Armán,1
CASA LOS FRAILES,1
CASA MARIOL,1
CASA MOREIRAS,1
CASA RAVELLA,1
CASAR DE BURBIA,1
CASA ROJO BODEGAS Y VIÑEDOS,1
CASTELL D'AGE / WATERSISTERS,1
CASTELL D'ENCUS - FERRER BOBET,1
CASTELL D'OR,1
CASTELL DEL REMEI,1
CASTILLO DE MENDOZA ORGANIC WINES,1
CASTILLO MONJARDIN,1
CASTRO VENTOSA,1
CASTÚO WINES,1
CATALAN WINES,1
CAVA JOVANI,1
CAVA ORIOL ROSSELL,1
CAVAS MAREVIA,1
CAVAS RONÏS,1
CAVA VARIAS,1
Cava Vives Ambros,1
CAVES BOHIGAS,1
CAVES JOSEP MASACHS,1
CAVES MIQUEL PONS,1
CAYETANO DEL PINO Y CIA,1
CELLER AIXALÀ ALCAIT,1
Celler Anna Rosell,1
CELLER ARRELATS,1
CELLER ARRUFÍ,1
CELLER BÀRBARA FORÉS,1
CELLER BARTOLOMÉ,1
CELLER BATEA,1
CELLER BURGOS PORTA - MAS SINÉN,1
CELLER CAIRATS,1
CELLER CAL BESSÓ - ENCASTELL,1
CELLER CAN FUMAT,1
CELLER CAN MARLÈS,1
CELLER CAN RODA,1
CELLER CARLES ANDREU,1
CELLER CASAJOU,1
CELLER CEDO ANGUERA,1
CELLER COOPERATIU DE CORNUDELLA,1
CELLER DE CAPÇANES,1
CELLER DE L'ERA,1
CELLER DEL ROURE,1
CELLER DUES VOLTES,1
CELLER EN NUMEROS VERMELLS,1
CELLER ERAVI,1
CELLER EUDALD MASSANA,1
CELLER FAMILIA NIN ORTIZ,1
CELLER GERISENA,1
CELLER GRAU I GRAU,1
CELLER HIDALGO ALBERT,1
CELLER JORDI MIRO,1
CELLER JOSEP VENTOSA CAVES I VINS (JAN VIDAL),1
CELLER KRIPTA DE AGUSTI TORELLÓ MATA,1
CELLER L'ANTIC MAGATZEM,1
CELLER LA BOTERA,1
CELLER LAURONA,1
CELLER MASADES,1
CELLER MAS RAMONEDA,1
CELLER MASROIG,1
CELLER MAS VICENÇ,1
CELLER MATALLONGA,1
CELLER MESQUIDA MORA,1
CELLER MIR,1
CELLER PALLARADES,1
CELLER PARATÓ,1
CELLER PASANAU,1
CELLER PIÑOL,1
CELLER ROSENDO ESTEVE,1
CELLER SANMARTÍ,1
CELLER SANROMÀ,1
Celler Sebastià Pastor,1
CELLERS SANT RAFEL,1
"CELLERS TARRONÉ, D.O.Terra Alta, Batea, Vinos Ecológicos",1
CELLERS UNIÓ,1
CELLER TERRA DE MARCA,1
CELLER VALL LLACH,1
CELLER VELL ESTRUCH,1
CELLER VENDRELL RIVED,1
CELLER XAVIER CLUA,1
CEPA BOSQUET,1
CÉRVOLES CELLER,1
César Principe,1
CHAMPAGNE LA PITANCERIE,1
CHAPIRETE,1
CHATÓ GAÑAN,1
CHOZAS CARRASCAL,1
CIA. VITICOLA SILEO,1
CIMS DE PORRERA / LES COUSINS,1
CINGLES BLAUS,1
CISTELLER,1
CLANDELVINO,1
CLIPEO WINES,1
CLOS ALKIO,1
CLOS DE LÔM,1
CLOS FIGUERAS,1
CLOS GALENA,1
CLOS MOGADOR,1
CLOS MONTBLANC,1
CLOS PACHEM,1
CLOS PONS,1
CLOS TERROIR,1
COCA I FITÓ,1
COLECCIÓN DE TONELES CENTENARIOS,1
COLET,1
COLLBAIX CELLER EL MOLÍ,1
COLOMA VIÑEDOS Y BODEGAS,1
Coma d'en Bonet,1
COMPAÑÍA DE VIÑEDOS IBERIAN,1
COMPAÑIA DE VINOS TELMO RODRÍGUEZ,1
CONDES DE ALBAREI,1
CONSEJO REGULADOR D.O. LA MANCHA,1
CONSEJO REGULADOR DDOO VINOS DE JEREZ Y MANZANILLA,1
CONSEJO REGULADOR DENOMINACIÓN DE ORIGEN RUEDA,1
CONSEJO REGULADOR VINOS DENOMINACION ORIGEN VALENCIA,1
"Conselleria d'Agricultura, Pesca i Medi Natural de les Illes Balears",1
CONSORCI DE VINS,1
CONTRERAS RUIZ,1
COOPERATIVA SANTA CATALINA,1
COOPER CELLARS - VINOS DEL VIENTO,1
CÓRDOBA MARTÍNEZ,1
CORPINNAT,1
CORTIJO LOS AGUILARES,1
COSTA DE ALMERÍA,1
COSTER D'EN SALA,1
COSTERDUO,1
COSTERS DEL PRIORAT,1
COSTERS DEL SIÓ,1
COTO DE GOMARIZ,1
COVIDES VINYES-CELLERS,1
CRDO PENEDÈS,1
CRISTINA CALVACHE,1
CUARTO LAGAR,1
CUENTAVIÑAS,1
CUPANI,1
CUVÉE GROUP,1
D.O. 5 HISPANOBODEGAS,1
D.O. BIERZO,1
D.O. NAVARRA - NAVARRA WINE,1
D.O.P. BULLAS,1
D.O.P. Sierra de Salamanca,1
D.O. RIBEIRO,1
D.O. TIERRA DEL VINO DE ZAMORA,1
D.O ARLANZA,1
DALT TURÓ,1
Dani MABE. Bodega,1
DASCA VIVES,1
DECANTER,1
DEHESA EL CARRASCAL,1
DELAESTRELLA GRUPO,1
DEL ÁLAMO FAMILY VINEYARDS | BIO & VEGAN,1
DELAUVIN BODEGAS,1
DE MOYA,1
DE MULLER,1
DE NARIZ,1
DENOMINACIÓ D'ORIGEN COSTERS DEL SEGRE,1
DENOMINACIÓN DE ORIGEN ARRIBES,1
DENOMINACIÓN DE ORIGEN CIGALES,1
DENOMINACIÓN DE ORIGEN PROTEGIDA YECLA,1
DESACATO,1
DIPUTACION DE BURGOS - BURGOS ALIMENTA,1
DIPUTACIÓN DE MÁLAGA,1
DIPUTACION PROVINCIAL DE HUELVA,1
DIPUTACION PROVINCIAL DE SORIA,1
DIVINO DUERO,1
DO ALELLA,1
DO ALMANSA,1
DOBLEDEPEREZ MICROBODEGA,1
DO CATALUNYA,1
DO CONCA DE BARBERÀ,1
DO EMPORDÀ,1
DO LEÓN,1
DOMAINE CANADELL SANCHEZ,1
DOMAINE GAUBY,1
DO MANCHUELA,1
DOMENIO,1
DOMINIO BASCONCILLOS,1
DOMINIO DE ANZA,1
DOMINIO DE CALOGÍA,1
DOMINIO DE ECHAUZ,1
DOMINIO DE LAS ANIMAS SL,1
DOMINIO DE LA VEGA,1
DOMINIO DEL BIENAMADO,1
Dominio del Challao,1
DOMINIO DEL PIDIO,1
DOMINIO DE MONTELAHORRA,1
DOMINIO DE TARES,1
DOMINIO DE VALDEFRADAS,1
DOMINIO DO BIBEI,1
DOMINIOS DE MGP,1
DO MONTSANT,1
DON BERNARDINO,1
DONIENE GORRONDONA TXAKOLINA,1
DON SANCHO DE LONDOÑO Bodegas,1
DOP DEHESA PEÑALBA - BODEGAS VIZAR,1
DOP JUMILLA,1
DO Pla de Bages,1
DOQ PRIORAT,1
Dosterras,1
DO TARRAGONA,1
DO TERRA ALTA,1
EDETÀRIA,1
EDUARDO GARZA,1
EDUARDO PEÑA,1
EGO BODEGAS S.L.U.,1
EGUREN UGARTE,1
EL BUNKER BODEGAS Y VIÑEDOS,1
EL CAPRICHO BODEGAS GORDON,1
EL CELLER DE L'APOTECARI,1
EL ESCOCÉS VOLANTE,1
EL HOMBRE BALA,1
ELIAS MORA,1
EL JARDÍ DELS SENTITS12,1
EL LAGAR DE MOHA,1
EL MAJUELO DEL ABUELO,1
EL PERRO VERDE,1
Emendis,1
Empordàlia,1
ENCIMA WINES,1
ENCINA BLANCA DE ALBURQUERQUE,1
ENONATUR,1
ENTREBOSC,1
Entrecanales Domecq e Hijos,1
ENTRE LINDES,1
EPIFANIO RIVERA/ERIAL,1
ESPELT VITICULTORS,1
ESSENTIA OBERGO,1
ESTAL,1
ESTEBAN CELEMIN & VITICULTOR,1
ESTEVE I GIBERT VITICULTORS,1
ESTEVEZ BODEGAS Y VIÑEDOS - Bierzo (Mencia y Godello),1
ESTONES VINS,1
ÈTIM - COOPERATIVA FALSET MARÇÀ,1
Eulogio Pomares ¬ Bodega ZARATE,1
EUROSELECCIÓ,1
EXCELLING WINES (Bielsa Ruano - Giró del Gorner),1
EXIBIS,1
EXPLOTACIONES VITINICOLAS LASECANAS,1
"EXTREMADURA AVANTE SAP, SLU",1
FAMILIA BELLIDO VIÑEDOS & BODEGAS,1
FAMILIA ESCUDERO,1
FAMILIA LUIS CAÑAS,1
FAMILIA MARTÍNEZ BUJANDA,1
FAMILIA TORRES,1
FELIX SOLIS AVANTIS,1
FERRATUS,1
FERRÉ I CATASÚS,1
FERRER WINES GROUP,1
FIGUERO,1
FIL·LOXERA & CIA,1
"FINCA ALLENDE, S.L.",1
FINCA BACARA S.L.U.,1
FINCA BINIAGUAL,1
FINCA CA N'ESTELLA,1
Finca Collado,1
FINCA EL MOLAR,1
FINCA FELLA,1
FINCA LA EMPERATRIZ,1
FINCA LA FONT DE JUI,1
FINCA LA HOYA,1
FINCA PARERA,1
FINCA RIO NEGRO,1
FINCA RODMA,1
FINCA SANDOVAL,1
FINCAS DE AZABACHE,1
FINCA VILADELLOPS,1
FINCA VILLACRECES,1
FINCA VISTAHERMOSA,1
FOOBESPAIN,1
FORTUNA WINES,1
FOT-LI VERMUT,1
FRISACH,1
FRUTOS VILLAR BODEGAS,1
FUENTES DEL SILENCIO,1
GAINTZA TXAKOLINA,1
GALEA DRINKS,1
GALLINA DE PIEL WINES / GALLINA DE PUNK,1
#garagewine,1
GARCIA DE OLANO,1
GARGANTA ORGANISTA VITICULTOR,1
GATELL,1
GAUSA SPARKLING TEA,1
GERMAN VILA VALDES,1
GIL FAMILY ESTATES,1
GIL PEJENAUTE,1
GIONA COMPANY,1
GIRÓ RIBOT,1
Glass Canned Wines,1
GONZÁLEZ BYASS,1
GONZALO CELAYETA WINES,1
GORKA IZAGIRRE,1
GOYO GARCIA VIADERO - GARCIA SEMOVA,1
GRAMONA,1
GRANDES PAGOS DE ESPAÑA,1
GRANDES PAGOS GALLEGOS,1
GRANDES VINOS,1
GRANJA NUESTRA SEÑORA DE REMELLURI,1
GRATAVINUM,1
GRUPO BODEGAS OLARRA,1
GRUPO COVIÑAS,1
GRUPO DIEZ SIGLOS,1
GRUPO EL GAITERO,1
GRUPO ENATE,1
GRUPO FINCA MONASTASIA,1
GRUPO FREIXENET,1
Grupo Jorge Ordóñez,1
GRUPO MARQUÉS DEL ATRIO,1
GRUPO OSBORNE,1
GRUPO PALACIO DE VILLACHICA,1
GRUPO PAZO DO MAR,1
Grupo Valdecuevas,1
"GRUPO VINICOLA MARQUES DE VARGAS, S.L.",1
GÜEVO WINE by LANGA,1
HACIENDA ALBAE,1
HACIENDA EL ESPINO,1
Hacienda El Ternero,1
HACIENDA GRIMÓN,1
HACIENDA SOLANO,1
HAMMEKEN CELLARS,1
HARBOUR GIN 40º 48' N,1
HERAS CORDON,1
"HEREDAD MORAN & LOPEZ, S. COOP.",1
HEREDAD PANGUA SODUPE,1
HERÈNCIA ALTÉS,1
HERMANOS FRIAS DEL VAL,1
HERRERO BODEGA,1
HERU WINES (FINCA MONTOTE & BODEGAS CORCEL),1
HGA BODEGAS Y VIÑEDOS DE ALTURA,1
HIKA BODEGA,1
Hillebrand Gori,1
HIRUZTA TXAKOLINA,1
HODGKINSON PRIORAT,1
HOPLITA HISTORIC VINEYARDS,1
HORNILLOS BALLESTEROS,1
Huerta de Albalá S.L.U.,1
HUERTO DE LA CONDESA,1
HUGUET DE CAN FEIXES,1
IGNACIO URUÑUELA DE LA RICA,1
IGUAZU VINOS,1
ILLES BALEARS,1
Iñaki Arteaga,1
INDICACIÓN GEOGRÁFICA PACHARÁN NAVARRO,1
IRIA OTERO - VINOS CON MEMORIA,1
ISC WINES,1
J. FERNANDO FAMILY WINES,1
JABLE DE TAO,1
JANÉ VENTURA,1
JAUME DE PUNTIRÓ,1
JAVIER SANZ VITICULTOR,1
JORDI LLUCH WINERY - VINYA ESCUDE,1
JORGE PIERNAS BODEGAS Y VIÑEDOS,1
JOSE ANTONIO GARCÍA VITICULTOR,1
JOSE ANTONIO GONZALEZ MUÑOZ,1
JOSEP BELTRAN VITICULTOR,1
JOSEP FORASTER,1
JOSEP GRAU VITICULTOR,1
"JUAN CARLOS SANCHA, S.L.",1
JÚLIA BERNET,1
JUVÉ & CAMPS / FINCA ESPIELLS / PAGOS DE ANGUIX,1
L'ENCLÒS DE PERALBA,1
L'OLIVERA,1
LA CEPA DE PELAYO,1
LA CONRERIA,1
La Fita - Vins Personals,1
LA FORASTERA,1
LAFOU CELLER,1
"LAGAR DE BESADA, S.L.",1
LAGRAVERA,1
LA HAYA,1
LA MADRE VERMOUTH - BENDITA CARMEN GIN,1
LA NAVE DE LOS LOCOS,1
LA NIÑA DE CUENCA,1
LA QUINTA VENDIMIA,1
"LA RIOJA ALTA, S.A.",1
LA SOLEDAD S. COOP.,1
LA SOMMELIÈRE – VITEMPUS,1
LAS PARRALAS BODEGA URBANA,1
LAS PEDRERAS VIÑEDOS Y VINOS,1
LAVENTURA WINES,1
LA VINYETA | VINS DE PEDRA,1
LA ZORRA / SEISDEDOS,1
LEO & NINE WINES,1
LES CAVES DU ROUSSILLON,1
LES VINYES DEL CONVENT,1
LEZA GARCÍA Bodegas y Viñedos,1
LHWINES FAMILY ESTATES,1
LIBRE y SALVAJE,1
LICORES Y VERMOUTH BARAÑANO,1
LILI WINE,1
LLANOS NEGROS,1
LLOPART,1
LMT WINES,1
LOHER,1
LONG WINES,1
LOSADA VINOS DE FINCA,1
LOS INSENSATOS DE LA ANTEHOJUELA,1
LOXAREL,1
LUBERRI MONJE AMESTOY,1
LUIS FELIPE PREMIUM SPIRITS,1
LURE WINES,1
MAGNA VIDES,1
MAIL BOXES ETC,1
MAISULAN,1
MAIUS VITICULTORS,1
MAJUELOS IBERIA,1
MALCARACTER,1
MANCHON & MIERES BODEGA,1
MARCO ABELLA,1
MAR DE ENVERO,1
MARGARITA TAULER NIELL,1
MARIA DE LA RECUEJA,1
MARIA RIGOL ORDI,1
MARQUÉS DE GRIÑÓN,1
MARQUES DE MONISTROL,1
MARTINEZ LACUESTA,1
MARTINEZ SOPEÑA HNS,1
MAS ALTA,1
MASAVEU BODEGAS,1
MAS BERTRAN,1
"MAS BLANCH I JOVÉ, SLU",1
MASCARÓ,1
MAS D'EN GIL,1
MAS D'EN PERI,1
MAS DE L'ABUNDÀNCIA,1
MAS DE LA SABATERA,1
MAS DOIX,1
MASET,1
MAS GELI,1
MAS GOMÀ,1
Mas Guineu Vinyaters,1
MASIA DE LA ROQUA,1
MASIA TORREBLANCA,1
MAS LA MOLA,1
MAS LLUNES,1
MAS MARTINET,1
MAS RODÓ VITIVINÍCOLA,1
MASTINELL,1
MataMangos,1
MAURO,1
MELIDA WINES,1
METAMORPHIKA / COSTADOR,1
MGWINES FAMILIA MIÑANO GÓMEZ,1
MICHAEL W. SALVERDA WINES,1
MICHELINI I MUFATTO,1
Miguel Castro Maillo,1
MIGUEL MERINO,1
MIL7OCHENTAYNUEVE,1
MILENICO,1
MIQUEL OLIVER,1
MOKOROA TXAKOLINA,1
"MONTEGAREDO, S.L.",1
MONTRUBÍ,1
MOSAICO DEL BACO,1
MOVE YOUR WINE,1
MURIEL WINES,1
NADAL,1
NANCLARES Y PRIETO VITICULTORES,1
NAVARRA,1
NAVARRSOTILLO BIODYNAMIC AND ORGANIC WINES,1
NAVERAN,1
NAVE ROVER,1
NEKEAS,1
NELEMAN WINES,1
NEXUS BODEGAS,1
NISSAGA MERINERO,1
NUESTRO DE DIAZ BAYO,1
NÚRIA CLAVEROL,1
OCAMPO,1
OJO DE IBIZA,1
OLIVER MORAGUES,1
OLIVER VITICULTORS,1
OLIVIER RIVIERE VINOS,1
OLLER DEL MAS,1
ONTAÑÓN FAMILIA,1
ORIOL ROMEU VITICULTOR,1
ORO DE CASTILLA,1
ORTO VINS,1
"ORUJOS PANIZO, S. L.",1
ORUJOS Y LICORES AUGAVELLA,1
OSCAR MESTRE,1
OSTATU,1
OTAZU,1
OXER WINES,1
PACO & LOLA,1
PAGO CALZADILLA - ORGANIC & VEGAN VINOS DE PAGO,1
PAGO CASA GRAN,1
PAGO DE INA,1
PAGO DE LA JARABA,1
PAGO DE LA OLIVA BODEGAS Y VIÑEDOS,1
PAGO DEL VICARIO,1
Pago de Vallegarcia SA,1
PAGO FINCA ÉLEZ,1
PAGO LOS BALANCINES BODEGA&VIÑEDO ECOLÓGICOS,1
PAGOS DE ARAIZ,1
PAGOS DE FAMILIA VEGA TOLOSA,1
PAGOS DE MATANEGRA,1
PAGOS DE SARO-NIÑO,1
PALACIOS VINOS DE FINCA,1
PARAJES DEL VALLE BODEGAS Y VIÑEDOS,1
PÁRAMO DE CORCOS,1
PARDAS,1
"PARDEVALLES, VIÑEDOS Y BODEGAS",1
PARÉS BALTÀ,1
PAZO DE LA CUESTA,1
PAZO SEÑORANS,1
PAZO VALDOMIÑO,1
PAZO VEDOIRA,1
PEDRO ESCUDERO VITICULTOR,1
PENÍNSULA VINICULTORES - BODEGA BIDEONA,1
PENTATEUCO WINES,1
PEPE MENDOZA CASA AGRÍCOLA,1
PEPE RODRIGUEZ DE VERA - VIÑADOR,1
PEPWINES + PAPET DEL MAS + RAVENTÓS ROSELL,1
PERELADA,1
PERELADA&CHIVITE,1
PERE MATA,1
Pérez Barquero,1
PERINET,1
PIEDRAS DE SAN PEDRO Bodegas y Viñedos,1
PINEA,1
PINORD ESTATE WINERY,1
PINYOLET VINYATERS,1
PLANA D'EN JAN,1
PORTELL,1
PRADA A TOPE - PALACIO DE CANEDO,1
PRIMITIVO COLLANTES,1
PRÍNCIPE DE VIANA,1
PRIORAT B&D LAB - DOS DEUS VERMOUTH,1
PS. Wine Innovation,1
PUBLICACIONES ALIMARKET,1
PUJANZA BODEGAS Y VIÑEDOS,1
PULLTEX,1
PUNCTUM VIÑEDOS BIODINÁMICOS / GRUPO SANDALO,1
PURA VIÑA,1
QUADERNA VIA - ORGANIC AND BIODYNAMIC WINES,1
QUINTA DE LA QUIETUD S.L.,1
QUINTA DE MIL,1
RABASSAIRES,1
RAFAEL CAMBRA,1
Rafael López García,1
RAICES IBERICAS,1
RAMÓN DE AYALA LETE E HIJOS,1
RAMON DO CASAR,1
RAMÓN REULA FAMILY WINES - PAGO AYLÉS,1
RAMOS DUCHER,1
RAÚL PÉREZ BODEGAS Y VIÑEDOS,1
RAVENTOS CODORNIU,1
RAVENTÓS ROSELL,1
REAL AGRADO,1
RECAREDO,1
RENDÉ MASDEU,1
RICO NUEVO VITICULTORES,1
"RIOJA ""N"" ROLL",1
RITME CELLER (ACÚSTIC CELLER SLU),1
RIVENDEL,1
RONA,1
RONSEL DO SIL,1
ROTAS IBERICA,1
ROVELLATS CAVA,1
SABATE i COCA - CASTELLROIG,1
SANDRA DOIX CELLER,1
SANGENÍS I VAQUÉ,1
SANGRE HISPANA,1
SANS DOMAINE,1
SANTALBA,1
SANTIAGO JORDI,1
SANTIAGO ROMA,1
SANT JOSEP VINS,1
SARAH SELECTIONS,1
SEÑORIO DE ARANA,1
SEÑORIO DE LIBRARES,1
SEÑORÍO DE RUBIÓS,1
SERRA & BARCELO,1
SERTEC PESAGE WINE DOSING TECHNOLOGY,1
SES TALAIOLES,1
SIDRA ANGELON,1
SIDRA FRAN,1
SIDRA TRABANCO,1
SILUVIO BODEGAS Y VIÑEDOS,1
SINODO,1
SK & VITICULTORES,1
SOGAS MASCARO,1
"SOLABAL, BODEGA Y VIÑEDOS",1
SOLÀ CLÀSSIC DOQ PRIORAT,1
SOLANA ROIVERT,1
SOMBRAS,1
SON ANTEM ALARÓ,1
SON PRIM,1
SON TORTOVA,1
SOTOMANRIQUE VIÑAS Y BODEGA,1
SPANISH FINE WINES,1
SPANISH ORGANIC WINES - SOW,1
SUERTES DEL MARQUES,1
SURIOL,1
TALAI BERRI TXAKOLINA,1
TALLERI BERRIA UPATEGIA ETA MAHASTIAK,1
TAMPESTA,1
TANDEM,1
TEMERARIO VINOS,1
TENOIRA - ORGANIC WINES,1
TENTENUBLO WINES,1
TERRA.00,1
TERRA DE FALANIS BY ÀNIMA NEGRA,1
TERRA DE GARNATXES,1
TERRA DEL PRIORAT,1
TERRA DE NINGÚ,1
TERRASELECTA,1
TERRAS GAUDA,1
TERRAS MANCAS,1
TERROIR AL LÍMIT,1
THE DRINKS BUSINESS,1
TIERRA DE SABOR - CASTILLA Y LEÓN,1
TIERRA FUNDIDA,1
TIHOM,1
TINTO ROA,1
TITEROK-AKAET,1
TOMÀS CUSINÉ CELLER,1
TORELLÓ,1
TR3SMANO,1
TRESPIEDRAS FUENTECÉN,1
TROSSOS DEL PRIORAT,1
TXAKOLI AMEZTOI,1
TXAKOLI REZABAL,1
TXOMIN ETXANIZ,1
UBETA,1
UKAN Winery,1
U MES U,1
VALDEALTO Finca & Bodega,1
VALDEMAR FAMILY,1
VALDEQUEMAO VIDES & VINOS,1
VALDESIL,1
VALDESPINO,1
VALLFORMOSA,1
VALREINAS,1
VALSANGIACOMO,1
VALTRAVIESO,1
VANDAMA,1
VEC Bodegas Vinariam Jerez,1
VEGA AIXALA,1
VEGA CLARA,1
VEGUER VINYERONS,1
Venta d'Aubert,1
VERMUJITO,1
VERSOS DE VALTUILLE,1
VERY FINE VINOS,1
VETRERIA ETRUSCA,1
VIADER,1
VILADOMAT-ARAGÓ,1
VILLOTA,1
VIÑA ALMIRANTE,1
VIÑA ANE,1
VIÑA CARTIN - TORREDEROS - LA GAVACHA,1
VIÑA COSTEIRA,1
VIÑA DAMMIS,1
VIÑA IJALBA,1
VIÑA MAMBRILLA,1
VIÑA PEDROSA - BODEGAS HNOS PÉREZ PASCUAS,1
VIÑA SASTRE,1
VIÑAS SERRANAS,1
Viña Zorzal Wines,1
Viñedos Alonso del Yerro,1
VIÑEDOS BALMORAL,1
VIÑEDOS HONTZA,1
VIÑEDOS Y BODEGA ALTOS DE CHIPUDE,1
"VIÑEDOS Y BODEGAS ARTURO GARCIA, S.L.",1
VIÑEDOS Y BODEGAS PABLO,1
VIÑEDOS Y BODEGAS XENYSEL,1
VinEmotion,1
VINESTAR,1
VINÍCOLA DEL PRIORAT,1
VINÍCOLA DE NULLES,1
VINÍCOLA REAL / 200 MONGES,1
ViniGalicia,1
VINO de TORO ( Denominación de Origen TORO ),1
VINOS & BODEGAS,1
Vinos ATLANTE,1
VINOS COLOMAN,1
VINOS DE ARGANZA,1
VINOS DE BELLITE,1
VIÑOS DE ENCOSTAS - XOSE LOIS SEBIO,1
VINOS DE LA LUZ,1
VINOS DEL PANORAMICO,1
VINOS LLÁMALO X,1
VINOS LOF,1
Vinos Rabilargo,1
VINOS SANZ,1
VINOS TABERNER AMADO,1
VINOS TUDANCA,1
VINOS VALTUILLE,1
VINOS VEGA NORTE,1
VINO TARUGUIN,1
VINS DEL TROS,1
VINS EL CEP,1
VINS I CAVES JOAN SEGURA PUJADAS,1
VINS L'APICAL - VIVIDORS DEL VI,1
VINS MIQUEL GELABERT,1
VINS NADAL,1
VINTAE,1
VINUM PRO NOBIS,1
VINYA ELS VILARS,1
VINYA L'HEREU DE SERÓ,1
VINYES D'OLIVARDOTS,1
VINYES DE FORMENTOR,1
VINYES DELS ASPRES,1
VINYES DEL TERRER,1
VINYES DOMENECH,1
VINYES MORTITX,1
VINYES QUE ATRAPEN,1
VIRGEN DE LAS VIÑAS BODEGA Y ALMAZARA,1
VITICULTORS BATEANS,1
Volcanic Wines ENCOMIENDA DE CERVERA,1
WILLIAMS & HUMBERT,1
WINE IN MODERATION,1
WINEMIXOLOGY BODEGAS DIEZ GÓMEZ,1
"WINES & MORE, S.L.",1
WINES N' ROSES VITICULTORES,1
XULIA BANDE (PASION EMBOTELLADA),1
Yllera Bodegas & Viñedos,1
ZAPIAIN,1
ZINIO BODEGAS,1
